{
  "Name": "GF Automated to Recurring",
  "CreationDate": "2023-8-8",
  "Commands": [
    {
      "Command": "executeScript_Sandbox",
      "Target": "return 1;",
      "Value": "r",
      "Description": ""
    },
    {
      "Command": "storeText",
      "Target": "xpath=//*[@id=\"campaign-datatable\"]/div[3]/table/tbody/tr[${r}]/td[2]/div",
      "Value": "campaign",
      "Description": ""
    },
    {
      "Command": "while",
      "Target": "${campaign} != \"General Feedback\"",
      "Value": "",
      "Description": ""
    },
    {
      "Command": "executeScript_Sandbox",
      "Target": "return ${r}+1;",
      "Value": "r",
      "Description": ""
    },
    {
      "Command": "storeText",
      "Target": "xpath=//*[@id=\"campaign-datatable\"]/div[3]/table/tbody/tr[${r}]/td[2]/div",
      "Value": "campaign",
      "Description": ""
    },
    {
      "Command": "end",
      "Target": "",
      "Value": "",
      "Description": ""
    },
    {
      "Command": "click",
      "Target": "xpath=//*[@id=\"campaign-datatable\"]/div[3]/table/tbody/tr[${r}]/td[2]/div",
      "Value": "",
      "Description": ""
    },
    {
      "Command": "click",
      "Target": "xpath=//*[@id=\"campaign-content-wrapper\"]/div[2]/div/div/div/button/span",
      "Value": "",
      "Description": ""
    },
    {
      "Command": "storeValue",
      "Target": "xpath=//*[@id=\"campaign-body-container\"]/div/div/div/form/div/div[2]/div/div[3]/div/div/div/div/input",
      "Value": "send_option",
      "Description": ""
    },
    {
      "Command": "if",
      "Target": "${send_option} != \"Recurring\"",
      "Value": "",
      "Description": ""
    },
    {
      "Command": "click",
      "Target": "xpath=//*[@id=\"campaign-body-container\"]/div/div/div/form/div/div[2]/div/div[3]/div/div/div/div/input",
      "Value": "",
      "Description": ""
    },
    {
      "Command": "click",
      "Target": "xpath=/html/body/div[4]/div/div/ul/li[3]",
      "Value": "",
      "Description": ""
    },
    {
      "Command": "click",
      "Target": "xpath=//*[@id=\"campaign-body-container\"]/div/div/div/form/div/div[2]/div/div[4]/div/div/input",
      "Value": "",
      "Description": ""
    },
    {
      "Command": "click",
      "Target": "xpath=/html/body/div[5]/div/div/ul/li[3]",
      "Value": "",
      "Description": ""
    },
    {
      "Command": "click",
      "Target": "xpath=//*[@id=\"campaign-body-container\"]/div/div/div/form/div/div[2]/div/div[4]/div[2]/div/span/i",
      "Value": "",
      "Description": ""
    },
    {
      "Command": "type",
      "Target": "xpath=//*[@id=\"campaign-body-container\"]/div/div/div/form/div/div[2]/div/div[4]/div[2]/div/input",
      "Value": "2023-04-12",
      "Description": ""
    },
    {
      "Command": "comment",
      "Target": "Here's where you would change the resend period",
      "Value": "",
      "Description": ""
    },
    {
      "Command": "click",
      "Target": "xpath=//*[@id=\"campaign-content-wrapper\"]/div[2]/div/span[3]/div/span/a/span",
      "Value": "",
      "Description": ""
    },
    {
      "Command": "click",
      "Target": "xpath=//*[@id=\"campaign-body-container\"]/div/div/div[3]/form/ul/li[4]",
      "Value": "",
      "Description": ""
    },
    {
      "Command": "verifyElementPresent",
      "Target": "xpath=//*[@id=\"campaign-body-container\"]/div/div/div[3]/form/div/div/div[2]/div[2]/div/div/i",
      "Value": "",
      "Description": ""
    },
    {
      "Command": "if",
      "Target": "${!STATUSOK}",
      "Value": "",
      "Description": ""
    },
    {
      "Command": "click",
      "Target": "xpath=//*[@id=\"campaign-body-container\"]/div/div/div[3]/form/div/div/div[2]/div[2]/div/div/i",
      "Value": "",
      "Description": ""
    },
    {
      "Command": "end",
      "Target": "",
      "Value": "",
      "Description": ""
    },
    {
      "Command": "click",
      "Target": "xpath=//*[@id=\"campaign-footer-container\"]/div/div/button/span",
      "Value": "",
      "Description": ""
    },
    {
      "Command": "click",
      "Target": "xpath=//*[@id=\"campaign-footer-container\"]/div/div/button/span",
      "Value": "",
      "Description": ""
    },
    {
      "Command": "click",
      "Target": "xpath=//*[@id=\"campaign-content-wrapper\"]/div[2]/div/div/button/span",
      "Value": "",
      "Description": ""
    },
    {
      "Command": "pause",
      "Target": "2000",
      "Value": "",
      "Description": ""
    },
    {
      "Command": "end",
      "Target": "",
      "Value": "",
      "Description": ""
    }
  ]
}