{
  "Name": "Main-FC",
  "CreationDate": "2023-8-8",
  "Commands": [
    {
      "Command": "csvReadArray",
      "Target": "fc.csv",
      "Value": "file",
      "Description": ""
    },
    {
      "Command": "forEach",
      "Target": "file",
      "Value": "location",
      "Description": ""
    },
    {
      "Command": "refresh",
      "Target": "",
      "Value": "",
      "Description": ""
    },
    {
      "Command": "click",
      "Target": "xpath=//*[@id=\"location-button\"]/span/span[2]/i",
      "Value": "",
      "Description": ""
    },
    {
      "Command": "type",
      "Target": "xpath=//*[@id=\"infinite-scroll-container\"]/div/input",
      "Value": "${location[1]}",
      "Description": ""
    },
    {
      "Command": "click",
      "Target": "xpath=//*[@id=\"dropdown-data\"]/span",
      "Value": "",
      "Description": ""
    },
    {
      "Command": "run",
      "Target": "GF Automated to Recurring",
      "Value": "",
      "Description": ""
    },
    {
      "Command": "end",
      "Target": "",
      "Value": "",
      "Description": ""
    }
  ]
}