{
  "Name": "Editor",
  "CreationDate": "2023-8-8",
  "Commands": [
    {
      "Command": "comment",
      "Target": "click add campaign",
      "Value": "",
      "Description": ""
    },
    {
      "Command": "click",
      "Target": "xpath=//*[@id=\"app\"]/div[3]/div[2]/div/div/div[2]/button/span",
      "Value": "",
      "Description": ""
    },
    {
      "Command": "comment",
      "Target": "",
      "Value": "",
      "Description": ""
    },
    {
      "Command": "type",
      "Target": "xpath=//*[@id=\"campaign-body-container\"]/div/div/div/form/div/div/div/div/div/div/div/input",
      "Value": "${campaign_name}",
      "Description": ""
    }
  ]
}