{
  "Name": "Add User",
  "CreationDate": "2023-8-8",
  "Commands": [
    {
      "Command": "pause",
      "Target": "3000",
      "Value": "",
      "Description": ""
    },
    {
      "Command": "executeScript_Sandbox",
      "Target": "return false;",
      "Value": "user_exists",
      "Description": ""
    },
    {
      "Command": "executeScript_Sandbox",
      "Target": "return 1;",
      "Value": "row",
      "Description": ""
    },
    {
      "Command": "storeText",
      "Target": "xpath=//*[@id=\"user-list-table\"]/div[3]/table/tbody/tr[${row}]/td[4]/div/span",
      "Value": "email",
      "Description": ""
    },
    {
      "Command": "while",
      "Target": "${email} != \"#LNF\"",
      "Value": "",
      "Description": ""
    },
    {
      "Command": "executeScript_Sandbox",
      "Target": "return ${location[2]}.slice(0, 15).toLowerCase() == ${email}.slice(0,15).toLowerCase();",
      "Value": "found",
      "Description": ""
    },
    {
      "Command": "if",
      "Target": "${found}",
      "Value": "",
      "Description": ""
    },
    {
      "Command": "executeScript_Sandbox",
      "Target": "return true;",
      "Value": "user_exists",
      "Description": ""
    },
    {
      "Command": "end",
      "Target": "",
      "Value": "",
      "Description": ""
    },
    {
      "Command": "executeScript_Sandbox",
      "Target": "return ${row} + 1;",
      "Value": "row",
      "Description": ""
    },
    {
      "Command": "storeText",
      "Target": "xpath=//*[@id=\"user-list-table\"]/div[3]/table/tbody/tr[${row}]/td[4]/div/span",
      "Value": "email",
      "Description": ""
    },
    {
      "Command": "end",
      "Target": "",
      "Value": "",
      "Description": ""
    },
    {
      "Command": "if",
      "Target": "!${user_exists}",
      "Value": "",
      "Description": ""
    },
    {
      "Command": "store",
      "Target": "MEDIUM",
      "Value": "!replayspeed",
      "Description": ""
    },
    {
      "Command": "open",
      "Target": "https://app.opiniion.com/locationList",
      "Value": "",
      "Description": ""
    },
    {
      "Command": "click",
      "Target": "xpath=//*[@id=\"card-wrapper\"]/div[2]/div/div[3]/table/tbody/tr/td[2]/div",
      "Value": "",
      "Description": ""
    },
    {
      "Command": "waitForElementPresent",
      "Target": "xpath=//*[@id=\"card-wrapper\"]/div[4]/div/div[2]/div/div/span/span/button",
      "Value": "",
      "Description": ""
    },
    {
      "Command": "click",
      "Target": "xpath=//*[@id=\"card-wrapper\"]/div[4]/div/div[2]/div/div/span/span/button",
      "Value": "",
      "Description": ""
    },
    {
      "Command": "type",
      "Target": "xpath=/html/body/div[3]/form/div[1]/div[1]/div/div/div/input",
      "Value": "${location[0]}",
      "Description": ""
    },
    {
      "Command": "type",
      "Target": "xpath=/html/body/div[3]/form/div[1]/div[2]/div/div/div[1]/input",
      "Value": "Manager",
      "Description": ""
    },
    {
      "Command": "type",
      "Target": "xpath=/html/body/div[3]/form/div[2]/div/div/div/div/input",
      "Value": "${location[2]}",
      "Description": ""
    },
    {
      "Command": "click",
      "Target": "xpath=//*[@id=\"el-popover-841\"]/form/div[3]/div/div/div/div/div/input",
      "Value": "",
      "Description": ""
    },
    {
      "Command": "click",
      "Target": "xpath=/html/body/div[4]/div/div/ul/li[2]/span",
      "Value": "",
      "Description": ""
    },
    {
      "Command": "click",
      "Target": "xpath=/html/body/div[3]/form/div[4]/div[2]/button",
      "Value": "",
      "Description": ""
    },
    {
      "Command": "prompt",
      "Target": "click add",
      "Value": "",
      "Description": ""
    },
    {
      "Command": "click",
      "Target": "xpath=//*[@id=\"card-wrapper\"]/div[4]/div/div/button/i",
      "Value": "",
      "Description": ""
    },
    {
      "Command": "open",
      "Target": "https://app.opiniion.com/userList",
      "Value": "",
      "Description": ""
    },
    {
      "Command": "waitForElementPresent",
      "Target": "id=location-button",
      "Value": "",
      "Description": ""
    },
    {
      "Command": "store",
      "Target": "FAST",
      "Value": "!replayspeed",
      "Description": ""
    },
    {
      "Command": "end",
      "Target": "",
      "Value": "",
      "Description": ""
    }
  ]
}