{
  "Name": "Find Integration",
  "CreationDate": "2023-8-8",
  "Commands": [
    {
      "Command": "store",
      "Target": "0.3",
      "Value": "!timeout_wait",
      "Description": ""
    },
    {
      "Command": "storeText",
      "Target": "xpath=//*[@id=\"app\"]/div[3]/div[2]/div/div/div[2]/div/div/div[3]/table/tbody/tr/td[2]/div",
      "Value": "hasIntegration",
      "Description": ""
    },
    {
      "Command": "store",
      "Target": "1.5",
      "Value": "!timeout_wait",
      "Description": ""
    },
    {
      "Command": "if",
      "Target": "${hasIntegration} == \"#LNF\"",
      "Value": "",
      "Description": ""
    },
    {
      "Command": "click",
      "Target": "xpath=//*[@id=\"app\"]/div[3]/div[2]/div/div/div/div[2]/button/span",
      "Value": "",
      "Description": ""
    },
    {
      "Command": "waitForElementPresent",
      "Target": "xpath=//*[@id=\"app\"]/div[3]/div[2]/div[2]/div/div[2]/div[3]/div/div/button/span/span",
      "Value": "",
      "Description": ""
    },
    {
      "Command": "run",
      "Target": "Yardi Integration",
      "Value": "",
      "Description": ""
    },
    {
      "Command": "click",
      "Target": "xpath=//*[@id=\"app\"]/div[3]/div[2]/div[2]/div/div[2]/div[2]/div/form/div/div[7]/div/label/div/div/div/div/input",
      "Value": "",
      "Description": ""
    },
    {
      "Command": "type",
      "Target": "xpath=//*[@id=\"app\"]/div[3]/div[2]/div[2]/div/div[2]/div[2]/div/form/div/div[7]/div/label/div/div/div/div/input",
      "Value": "${location}",
      "Description": ""
    },
    {
      "Command": "storeText",
      "Target": "xpath=/html/body/div[6]/div/div/ul/li[255]/span",
      "Value": "isPresent",
      "Description": ""
    },
    {
      "Command": "prompt",
      "Target": "help",
      "Value": "",
      "Description": ""
    },
    {
      "Command": "click",
      "Target": "xpath=//*[@id=\"app\"]/div[3]/div[2]/div[2]/div/div[2]/div[3]/div/div/button/span/span",
      "Value": "",
      "Description": ""
    },
    {
      "Command": "waitForElementNotPresent",
      "Target": "xpath=//*[@id=\"app\"]/div[3]/div[2]/div[2]/div/div[2]/div[3]/div/div/button/span/span",
      "Value": "",
      "Description": ""
    },
    {
      "Command": "end",
      "Target": "",
      "Value": "",
      "Description": ""
    }
  ]
}