{
  "Name": "HM Main",
  "CreationDate": "2023-8-8",
  "Commands": [
    {
      "Command": "store",
      "Target": "FAST",
      "Value": "!replayspeed",
      "Description": ""
    },
    {
      "Command": "executeScript_Sandbox",
      "Target": "return 0;",
      "Value": "count",
      "Description": ""
    },
    {
      "Command": "csvReadArray",
      "Target": "hmar.csv",
      "Value": "locations",
      "Description": ""
    },
    {
      "Command": "forEach",
      "Target": "locations",
      "Value": "location",
      "Description": ""
    },
    {
      "Command": "click",
      "Target": "xpath=//*[@id=\"location-button\"]/span/span",
      "Value": "",
      "Description": ""
    },
    {
      "Command": "executeScript_Sandbox",
      "Target": "return ${location}[1];",
      "Value": "id",
      "Description": ""
    },
    {
      "Command": "type",
      "Target": "xpath=//*[@id=\"infinite-scroll-container\"]/div/input",
      "Value": "${id}",
      "Description": ""
    },
    {
      "Command": "click",
      "Target": "xpath=//*[@id=\"dropdown-data\"]/span",
      "Value": "",
      "Description": ""
    },
    {
      "Command": "run",
      "Target": "Turn Off Auto Replies",
      "Value": "",
      "Description": ""
    },
    {
      "Command": "executeScript_Sandbox",
      "Target": "return ${count} + 1;",
      "Value": "count",
      "Description": ""
    },
    {
      "Command": "if",
      "Target": "${count} % 5 == 0",
      "Value": "",
      "Description": ""
    },
    {
      "Command": "refresh",
      "Target": "",
      "Value": "",
      "Description": ""
    },
    {
      "Command": "store",
      "Target": "5",
      "Value": "!timeout_wait",
      "Description": ""
    },
    {
      "Command": "waitForElementPresent",
      "Target": "id=location-button",
      "Value": "",
      "Description": ""
    },
    {
      "Command": "store",
      "Target": "1.5",
      "Value": "!timeout_wait",
      "Description": ""
    },
    {
      "Command": "end",
      "Target": "",
      "Value": "",
      "Description": ""
    },
    {
      "Command": "end",
      "Target": "",
      "Value": "",
      "Description": ""
    }
  ]
}