{
  "Name": "Review Auto Replies",
  "CreationDate": "2023-8-8",
  "Commands": [
    {
      "Command": "click",
      "Target": "xpath=//*[@id=\"app\"]/div[3]/div[2]/div/div/div[2]/div/div/button/span",
      "Value": "",
      "Description": ""
    },
    {
      "Command": "click",
      "Target": "xpath=//*[@id=\"app\"]/div[3]/div[2]/div/div[6]/div/div[2]/div/div/div/div[2]/div[2]/span",
      "Value": "",
      "Description": ""
    },
    {
      "Command": "click",
      "Target": "xpath=//*[@id=\"app\"]/div[3]/div[2]/div/div[6]/div/div[3]/div/div[2]/button/span",
      "Value": "",
      "Description": ""
    },
    {
      "Command": "type",
      "Target": "xpath=//*[@id=\"app\"]/div[3]/div[2]/div/div[6]/div/div[2]/div/div/form/div/div/div/div/div/input",
      "Value": "${location[0]}",
      "Description": ""
    },
    {
      "Command": "type",
      "Target": "xpath=//*[@id=\"app\"]/div[3]/div[2]/div/div[6]/div/div[2]/div/div/form/div/div[2]/div/div/div/input",
      "Value": "Manager",
      "Description": ""
    },
    {
      "Command": "type",
      "Target": "xpath=//*[@id=\"app\"]/div[3]/div[2]/div/div[6]/div/div[2]/div/div/form/div[2]/div/div/div/div/input",
      "Value": "${location[2]}",
      "Description": ""
    },
    {
      "Command": "type",
      "Target": "xpath=//*[@id=\"app\"]/div[3]/div[2]/div/div[6]/div/div[2]/div/div/form/div[2]/div[2]/div/div/div/input",
      "Value": "${location[3]}",
      "Description": ""
    },
    {
      "Command": "click",
      "Target": "xpath=//*[@id=\"app\"]/div[3]/div[2]/div/div[6]/div/div[3]/div/div[2]/button/span",
      "Value": "",
      "Description": ""
    },
    {
      "Command": "click",
      "Target": "xpath=//*[@id=\"app\"]/div[3]/div[2]/div/div[6]/div/div[3]/div/div[2]/button[2]/span",
      "Value": "",
      "Description": ""
    }
  ]
}