{
  "Name": "Turn Off Auto Replies",
  "CreationDate": "2023-8-8",
  "Commands": [
    {
      "Command": "click",
      "Target": "xpath=//*[@id=\"app\"]/div[3]/div[2]/div/div/div[2]/div/div/button/span",
      "Value": "",
      "Description": ""
    },
    {
      "Command": "click",
      "Target": "xpath=//*[@id=\"app\"]/div[3]/div[2]/div/div[6]/div/div[2]/div/div/div/div[2]/div[2]/span",
      "Value": "",
      "Description": ""
    },
    {
      "Command": "click",
      "Target": "xpath=//*[@id=\"app\"]/div[3]/div[2]/div/div[6]/div/div[3]/div/div[2]/button[2]/span",
      "Value": "",
      "Description": ""
    }
  ]
}