{
  "Name": "Regex Demo",
  "CreationDate": "2023-8-8",
  "Commands": [
    {
      "Command": "comment",
      "Target": "REGEX",
      "Value": "",
      "Description": ""
    },
    {
      "Command": "executeScript_Sandbox",
      "Target": "return \"https://www.yelp.com/biz/optima-sonoran-village-scottsdale\";",
      "Value": "yelpURL",
      "Description": ""
    },
    {
      "Command": "executeScript_Sandbox",
      "Target": "return \"www.apartments.com/optima-lakeview-chicago-il/tfm2hnc/\";",
      "Value": "aptURL",
      "Description": ""
    },
    {
      "Command": "executeScript_Sandbox",
      "Target": "return \"www.facebook.com\";",
      "Value": "fbURL",
      "Description": ""
    },
    {
      "Command": "executeScript_Sandbox",
      "Target": "return \"N/A\";",
      "Value": "nullURL",
      "Description": ""
    },
    {
      "Command": "executeScript_Sandbox",
      "Target": "return /[a-z]*\\.com\\/.*/.test(${nullURL});",
      "Value": "match",
      "Description": ""
    },
    {
      "Command": "comment",
      "Target": "echo // ${match}",
      "Value": "",
      "Description": ""
    },
    {
      "Command": "executeScript_Sandbox",
      "Target": "return {Facebook:2,Yelp:3};",
      "Value": "object",
      "Description": ""
    },
    {
      "Command": "comment",
      "Target": "echo // ${object.Facebook}",
      "Value": "",
      "Description": ""
    },
    {
      "Command": "executeScript_Sandbox",
      "Target": "return ${fbURL}.match(/yelp|facebook|apartments|apartmentratings/)[0];",
      "Value": "platform",
      "Description": ""
    },
    {
      "Command": "",
      "Target": "",
      "Value": "",
      "Description": ""
    }
  ]
}