{
  "Name": "Add Residents",
  "CreationDate": "2023-8-8",
  "Commands": [
    {
      "Command": "store",
      "Target": "2",
      "Value": "!timeout_wait",
      "Description": ""
    },
    {
      "Command": "csvReadArray",
      "Target": "freedomspathiii.csv",
      "Value": "location_csv",
      "Description": ""
    },
    {
      "Command": "executeScript_Sandbox",
      "Target": "return ${location_csv}.length;",
      "Value": "num_rows",
      "Description": ""
    },
    {
      "Command": "store",
      "Target": "1",
      "Value": "curr_row",
      "Description": ""
    },
    {
      "Command": "while_v2",
      "Target": "${curr_row} < ${num_rows}",
      "Value": "",
      "Description": ""
    },
    {
      "Command": "echo",
      "Target": "${location_csv[${curr_row}][0]}",
      "Value": "blue",
      "Description": ""
    },
    {
      "Command": "click",
      "Target": "xpath=//*[@id=\"app\"]/div[3]/div[2]/div/div/div[2]/button[2]/span",
      "Value": "",
      "Description": "click Add Resident"
    },
    {
      "Command": "type",
      "Target": "xpath=//*[@id=\"app\"]/div[3]/div[2]/div/div[3]/div/div[2]/form/div/label/div/div/div/input",
      "Value": "${location_csv[${curr_row}][0]}",
      "Description": "type first name"
    },
    {
      "Command": "type",
      "Target": "xpath=//*[@id=\"app\"]/div[3]/div[2]/div/div[3]/div/div[2]/form/div/label[2]/div/div/div/input",
      "Value": "${location_csv[${curr_row}][1]}",
      "Description": "type last name"
    },
    {
      "Command": "type",
      "Target": "xpath=//*[@id=\"app\"]/div[3]/div[2]/div/div[3]/div/div[2]/form/div[2]/label/div/div/div/input",
      "Value": "${location_csv[${curr_row}][2]}",
      "Description": "type email"
    },
    {
      "Command": "type",
      "Target": "xpath=//*[@id=\"app\"]/div[3]/div[2]/div/div[3]/div/div[2]/form/div[2]/label[2]/div/div/div/input",
      "Value": "${location_csv[${curr_row}][3]}",
      "Description": "type phone"
    },
    {
      "Command": "click",
      "Target": "xpath=//*[@id=\"app\"]/div[3]/div[2]/div/div[3]/div/div[2]/form/div[6]/div/div/div/div/span/span/i",
      "Value": "",
      "Description": "click campaign dropdown"
    },
    {
      "Command": "click",
      "Target": "xpath=/html/body/div[5]/div/div/ul/li",
      "Value": "",
      "Description": "click General Feedback option"
    },
    {
      "Command": "click",
      "Target": "xpath=//*[@id=\"app\"]/div[3]/div[2]/div/div[3]/div/div[3]/span/button[2]/span",
      "Value": "",
      "Description": "click confirm"
    },
    {
      "Command": "pause",
      "Target": "1000",
      "Value": "",
      "Description": ""
    },
    {
      "Command": "executeScript_Sandbox",
      "Target": "return Number (${curr_row}) + 1;",
      "Value": "curr_row",
      "Description": ""
    },
    {
      "Command": "end",
      "Target": "",
      "Value": "",
      "Description": ""
    }
  ]
}