{
  "Name": "Campaign Changes",
  "CreationDate": "2023-8-8",
  "Commands": [
    {
      "Command": "executeScript_Sandbox",
      "Target": "return 4;",
      "Value": "dd",
      "Description": ""
    },
    {
      "Command": "executeScript_Sandbox",
      "Target": "return 1;",
      "Value": "r",
      "Description": ""
    },
    {
      "Command": "storeText",
      "Target": "xpath=//*[@id=\"campaign-datatable\"]/div[3]/table/tbody/tr[${r}]/td[2]/div",
      "Value": "campaign",
      "Description": ""
    },
    {
      "Command": "while",
      "Target": "${campaign} != \"#LNF\"",
      "Value": "",
      "Description": ""
    },
    {
      "Command": "if",
      "Target": "${campaign} == \"Maintenance Request\"",
      "Value": "",
      "Description": ""
    },
    {
      "Command": "click",
      "Target": "xpath=//*[@id=\"campaign-datatable\"]/div[3]/table/tbody/tr[${r}]/td[2]/div",
      "Value": "Maintenance Request",
      "Description": ""
    },
    {
      "Command": "click",
      "Target": "xpath=//*[@id=\"campaign-content-wrapper\"]/div[2]/div/div/div/button",
      "Value": "Edit",
      "Description": ""
    },
    {
      "Command": "pause",
      "Target": "500",
      "Value": "",
      "Description": ""
    },
    {
      "Command": "comment",
      "Target": "Change resend period to 1 Month",
      "Value": "",
      "Description": ""
    },
    {
      "Command": "click",
      "Target": "xpath=//*[@id=\"campaign-body-container\"]/div/div/div/form/div/div[2]/div/div[5]/div[4]/div/div/input",
      "Value": "Resend Period DD",
      "Description": ""
    },
    {
      "Command": "click",
      "Target": "xpath=/html/body/div[${dd}]/div/div/ul/li[3]/span",
      "Value": "1 Month",
      "Description": ""
    },
    {
      "Command": "executeScript_Sandbox",
      "Target": "return ${dd} + 1;",
      "Value": "dd",
      "Description": ""
    },
    {
      "Command": "click",
      "Target": "xpath=//*[@id=\"campaign-footer-container\"]/div/div/button/span",
      "Value": "Next",
      "Description": ""
    },
    {
      "Command": "comment",
      "Target": "Alter verbiage of email",
      "Value": "",
      "Description": ""
    },
    {
      "Command": "type",
      "Target": "xpath=//*[@id=\"campaign-body-container\"]/div/div/div[3]/form/div/div/div/div[2]/div[2]/div/textarea",
      "Value": "Your recent maintenance request has been completed! Please note, if you have other open requests open, our team is hard at work to resolve those as quickly as possible for you. In the meantime, click below to let us know how we did! We love hearing from you! ",
      "Description": ""
    },
    {
      "Command": "click",
      "Target": "xpath=//*[@id=\"campaign-body-container\"]/div/div/div[3]/form/ul/li[3]",
      "Value": "Follow Ups",
      "Description": ""
    },
    {
      "Command": "comment",
      "Target": "Remove follow-ups",
      "Value": "",
      "Description": ""
    },
    {
      "Command": "store",
      "Target": "True",
      "Value": "!errorIgnore",
      "Description": ""
    },
    {
      "Command": "click",
      "Target": "xpath=//*[@id=\"campaign-body-container\"]/div/div/div[3]/form/div/div/div[2]/div/div/div/i",
      "Value": "x",
      "Description": ""
    },
    {
      "Command": "click",
      "Target": "xpath=//*[@id=\"campaign-body-container\"]/div/div/div[3]/form/div/div/div[2]/div/div/div/i",
      "Value": "x",
      "Description": ""
    },
    {
      "Command": "store",
      "Target": "False",
      "Value": "!errorIgnore",
      "Description": ""
    },
    {
      "Command": "click",
      "Target": "xpath=//*[@id=\"campaign-footer-container\"]/div/div/button",
      "Value": "Next",
      "Description": ""
    },
    {
      "Command": "comment",
      "Target": "Make distribution Opiniion-only",
      "Value": "",
      "Description": ""
    },
    {
      "Command": "click",
      "Target": "xpath=//*[@id=\"campaign-body-container\"]/div/div/div[4]/div/div[2]/button/span",
      "Value": "Make Opiniion Feedback",
      "Description": ""
    },
    {
      "Command": "click",
      "Target": "xpath=//*[@id=\"campaign-footer-container\"]/div/div/button",
      "Value": "Next",
      "Description": ""
    },
    {
      "Command": "click",
      "Target": "xpath=//*[@id=\"campaign-content-wrapper\"]/div[2]/div/div/button/span",
      "Value": "Start Campaign",
      "Description": ""
    },
    {
      "Command": "pause",
      "Target": "3000",
      "Value": "",
      "Description": ""
    },
    {
      "Command": "click",
      "Target": "xpath=//*[@id=\"campaign-datatable\"]/div[3]/table/tbody/tr[${r}]/td/div/label/span/span",
      "Value": "",
      "Description": ""
    },
    {
      "Command": "click",
      "Target": "xpath=//*[@id=\"app\"]/div[3]/div[2]/div/span/span/button/span/span",
      "Value": "",
      "Description": ""
    },
    {
      "Command": "click",
      "Target": "LinkText=Mark as Inactive",
      "Value": "",
      "Description": ""
    },
    {
      "Command": "click",
      "Target": "xpath=/html/body/div[4]/div/div[3]/button[2]",
      "Value": "",
      "Description": ""
    },
    {
      "Command": "elseif",
      "Target": "${campaign} == \"Move In\"",
      "Value": "",
      "Description": ""
    },
    {
      "Command": "click",
      "Target": "xpath=//*[@id=\"campaign-datatable\"]/div[3]/table/tbody/tr[${r}]/td[2]/div",
      "Value": "Move In",
      "Description": ""
    },
    {
      "Command": "click",
      "Target": "xpath=//*[@id=\"campaign-content-wrapper\"]/div[2]/div/div/div/button",
      "Value": "Edit",
      "Description": ""
    },
    {
      "Command": "pause",
      "Target": "500",
      "Value": "",
      "Description": ""
    },
    {
      "Command": "comment",
      "Target": "Change send delay to 7 days after move in",
      "Value": "",
      "Description": ""
    },
    {
      "Command": "type",
      "Target": "xpath=//*[@id=\"campaign-body-container\"]/div/div/div/form/div/div[2]/div/div[5]/div[3]/div[2]/div/div/input",
      "Value": "7",
      "Description": ""
    },
    {
      "Command": "click",
      "Target": "xpath=//*[@id=\"campaign-content-wrapper\"]/div[2]/div/span[3]/div/span/a/span",
      "Value": "Distribute Edit",
      "Description": ""
    },
    {
      "Command": "storeValue",
      "Target": "xpath=//*[@id=\"campaign-body-container\"]/div/div/div[4]/div/form/div/div/div/div/div/div/div/input",
      "Value": "percent",
      "Description": ""
    },
    {
      "Command": "if",
      "Target": "${percent} != \"100\"",
      "Value": "",
      "Description": ""
    },
    {
      "Command": "prompt",
      "Target": "Fix the Google thing manually@Talk about a lazy macro",
      "Value": "",
      "Description": ""
    },
    {
      "Command": "end",
      "Target": "",
      "Value": "",
      "Description": ""
    },
    {
      "Command": "click",
      "Target": "xpath=//*[@id=\"campaign-footer-container\"]/div/div/button",
      "Value": "Next",
      "Description": ""
    },
    {
      "Command": "click",
      "Target": "xpath=//*[@id=\"campaign-content-wrapper\"]/div[2]/div/div/button",
      "Value": "Start Campaign",
      "Description": ""
    },
    {
      "Command": "pause",
      "Target": "2500",
      "Value": "",
      "Description": ""
    },
    {
      "Command": "elseif",
      "Target": "${campaign} == \"Move Out\"",
      "Value": "",
      "Description": ""
    },
    {
      "Command": "click",
      "Target": "xpath=//*[@id=\"campaign-datatable\"]/div[3]/table/tbody/tr[${r}]/td[2]/div",
      "Value": "Move Out",
      "Description": ""
    },
    {
      "Command": "click",
      "Target": "xpath=//*[@id=\"campaign-content-wrapper\"]/div[2]/div/div/div/button",
      "Value": "edit",
      "Description": ""
    },
    {
      "Command": "pause",
      "Target": "500",
      "Value": "",
      "Description": ""
    },
    {
      "Command": "comment",
      "Target": "change send delay to 30 days after move out",
      "Value": "",
      "Description": ""
    },
    {
      "Command": "type",
      "Target": "xpath=//*[@id=\"campaign-body-container\"]/div/div/div/form/div/div[2]/div/div[5]/div[3]/div[2]/div/div/input",
      "Value": "30",
      "Description": ""
    },
    {
      "Command": "click",
      "Target": "xpath=//*[@id=\"campaign-footer-container\"]/div/div/button",
      "Value": "Next",
      "Description": ""
    },
    {
      "Command": "click",
      "Target": "xpath=//*[@id=\"campaign-body-container\"]/div/div/div[3]/form/ul/li[3]",
      "Value": "Follow Ups",
      "Description": ""
    },
    {
      "Command": "comment",
      "Target": "Remove follow ups",
      "Value": "",
      "Description": ""
    },
    {
      "Command": "store",
      "Target": "True",
      "Value": "!errorIgnore",
      "Description": ""
    },
    {
      "Command": "click",
      "Target": "xpath=//*[@id=\"campaign-body-container\"]/div/div/div[3]/form/div/div/div[2]/div/div/div/i",
      "Value": "x",
      "Description": ""
    },
    {
      "Command": "click",
      "Target": "xpath=//*[@id=\"campaign-body-container\"]/div/div/div[3]/form/div/div/div[2]/div/div/div/i",
      "Value": "x",
      "Description": ""
    },
    {
      "Command": "store",
      "Target": "False",
      "Value": "!errorIgnore",
      "Description": ""
    },
    {
      "Command": "click",
      "Target": "xpath=//*[@id=\"campaign-footer-container\"]/div/div/button",
      "Value": "Next",
      "Description": ""
    },
    {
      "Command": "comment",
      "Target": "make distribution Opiniion-only",
      "Value": "",
      "Description": ""
    },
    {
      "Command": "click",
      "Target": "xpath=//*[@id=\"campaign-body-container\"]/div/div/div[4]/div/div[2]/button/span",
      "Value": "Make Opiniion Feedback",
      "Description": ""
    },
    {
      "Command": "click",
      "Target": "xpath=//*[@id=\"campaign-footer-container\"]/div/div/button",
      "Value": "Next",
      "Description": ""
    },
    {
      "Command": "click",
      "Target": "xpath=//*[@id=\"campaign-content-wrapper\"]/div[2]/div/div/button",
      "Value": "Start Campaign",
      "Description": ""
    },
    {
      "Command": "pause",
      "Target": "2500",
      "Value": "",
      "Description": ""
    },
    {
      "Command": "elseif",
      "Target": "${campaign} == \"Tour\"",
      "Value": "",
      "Description": ""
    },
    {
      "Command": "click",
      "Target": "xpath=//*[@id=\"campaign-datatable\"]/div[3]/table/tbody/tr[${r}]/td[2]/div",
      "Value": "Tour",
      "Description": ""
    },
    {
      "Command": "click",
      "Target": "xpath=//*[@id=\"campaign-content-wrapper\"]/div[2]/div/div/div/button",
      "Value": "Edit",
      "Description": ""
    },
    {
      "Command": "click",
      "Target": "xpath=//*[@id=\"campaign-footer-container\"]/div/div/button",
      "Value": "Next",
      "Description": ""
    },
    {
      "Command": "click",
      "Target": "xpath=//*[@id=\"campaign-body-container\"]/div/div/div[3]/form/ul/li[3]",
      "Value": "Follow Ups",
      "Description": ""
    },
    {
      "Command": "comment",
      "Target": "Remove follow ups",
      "Value": "",
      "Description": ""
    },
    {
      "Command": "store",
      "Target": "True",
      "Value": "!errorIgnore",
      "Description": ""
    },
    {
      "Command": "click",
      "Target": "xpath=//*[@id=\"campaign-body-container\"]/div/div/div[3]/form/div/div/div[2]/div/div/div/i",
      "Value": "",
      "Description": ""
    },
    {
      "Command": "click",
      "Target": "xpath=//*[@id=\"campaign-body-container\"]/div/div/div[3]/form/div/div/div[2]/div/div/div/i",
      "Value": "",
      "Description": ""
    },
    {
      "Command": "store",
      "Target": "False",
      "Value": "!errorIgnore",
      "Description": ""
    },
    {
      "Command": "click",
      "Target": "xpath=//*[@id=\"campaign-footer-container\"]/div/div/button",
      "Value": "Next",
      "Description": ""
    },
    {
      "Command": "comment",
      "Target": "make distribution Opiniion-only",
      "Value": "",
      "Description": ""
    },
    {
      "Command": "click",
      "Target": "xpath=//*[@id=\"campaign-body-container\"]/div/div/div[4]/div/div[2]/button",
      "Value": "Make Opiniion Feedback",
      "Description": ""
    },
    {
      "Command": "click",
      "Target": "xpath=//*[@id=\"campaign-footer-container\"]/div/div/button",
      "Value": "Next",
      "Description": ""
    },
    {
      "Command": "click",
      "Target": "xpath=//*[@id=\"campaign-content-wrapper\"]/div[2]/div/div/button",
      "Value": "Start Campaign",
      "Description": ""
    },
    {
      "Command": "pause",
      "Target": "2500",
      "Value": "",
      "Description": ""
    },
    {
      "Command": "end",
      "Target": "",
      "Value": "",
      "Description": ""
    },
    {
      "Command": "executeScript_Sandbox",
      "Target": "return ${r} + 1;",
      "Value": "r",
      "Description": ""
    },
    {
      "Command": "storeText",
      "Target": "xpath=//*[@id=\"campaign-datatable\"]/div[3]/table/tbody/tr[${r}]/td[2]/div",
      "Value": "campaign",
      "Description": ""
    },
    {
      "Command": "end",
      "Target": "",
      "Value": "",
      "Description": ""
    },
    {
      "Command": "refresh",
      "Target": "",
      "Value": "",
      "Description": ""
    }
  ]
}