{
  "Name": "Steven Scott",
  "CreationDate": "2023-8-8",
  "Commands": [
    {
      "Command": "refresh",
      "Target": "",
      "Value": "",
      "Description": ""
    },
    {
      "Command": "comment",
      "Target": "Remove all follow-ups for all campaigns except move-in campaign",
      "Value": "",
      "Description": ""
    },
    {
      "Command": "executeScript_Sandbox",
      "Target": "return 1;",
      "Value": "r",
      "Description": ""
    },
    {
      "Command": "storeText",
      "Target": "xpath=/html/body/div[1]/div[3]/div[2]/div/div[2]/div/div[3]/table/tbody/tr[${r}]/td[2]/div",
      "Value": "name",
      "Description": ""
    },
    {
      "Command": "comment",
      "Target": "For all campaigns",
      "Value": "",
      "Description": ""
    },
    {
      "Command": "while",
      "Target": "${name} != \"#LNF\"",
      "Value": "",
      "Description": ""
    },
    {
      "Command": "executeScript_Sandbox",
      "Target": "return 3;",
      "Value": "dd",
      "Description": ""
    },
    {
      "Command": "executeScript_Sandbox",
      "Target": "return /General Feedback|Maintenance Request|Move Out|Tour/.test(${name});",
      "Value": "match",
      "Description": ""
    },
    {
      "Command": "comment",
      "Target": "If the campaign is MO",
      "Value": "",
      "Description": ""
    },
    {
      "Command": "if",
      "Target": "${name} == \"Move Out\"",
      "Value": "",
      "Description": ""
    },
    {
      "Command": "click",
      "Target": "xpath=/html/body/div[1]/div[3]/div[2]/div/div[2]/div/div[3]/table/tbody/tr[${r}]/td[2]/div",
      "Value": "",
      "Description": ""
    },
    {
      "Command": "click",
      "Target": "xpath=//*[@id=\"campaign-content-wrapper\"]/div[2]/div/div/div/button",
      "Value": "",
      "Description": ""
    },
    {
      "Command": "click",
      "Target": "xpath=//*[@id=\"campaign-content-wrapper\"]/div[2]/div/span[3]/div/span/a/span",
      "Value": "",
      "Description": ""
    },
    {
      "Command": "click",
      "Target": "xpath=//*[@id=\"campaign-body-container\"]/div/div/div[4]/div/div[2]/button/span",
      "Value": "",
      "Description": ""
    },
    {
      "Command": "click",
      "Target": "xpath=//*[@id=\"campaign-footer-container\"]/div/div/button",
      "Value": "",
      "Description": ""
    },
    {
      "Command": "click",
      "Target": "xpath=//*[@id=\"campaign-content-wrapper\"]/div[2]/div/div/button/span",
      "Value": "",
      "Description": ""
    },
    {
      "Command": "comment",
      "Target": "If the campaign is GF, MR, MI, or T",
      "Value": "",
      "Description": ""
    },
    {
      "Command": "elseif",
      "Target": "${match}",
      "Value": "",
      "Description": ""
    },
    {
      "Command": "storeText",
      "Target": "xpath=/html/body/div/div[3]/div[2]/div/div[2]/div/div[3]/table/tbody/tr[${r}]/td[5]/div/span",
      "Value": "status",
      "Description": ""
    },
    {
      "Command": "comment",
      "Target": "navigate to customize step",
      "Value": "",
      "Description": ""
    },
    {
      "Command": "click",
      "Target": "xpath=/html/body/div[1]/div[3]/div[2]/div/div[2]/div/div[3]/table/tbody/tr[${r}]/td[2]/div",
      "Value": "",
      "Description": ""
    },
    {
      "Command": "click",
      "Target": "xpath=/html/body/div[1]/div[3]/div[2]/div/div[4]/div[2]/div/div[2]/div/div[2]/div/div/div/button",
      "Value": "",
      "Description": ""
    },
    {
      "Command": "pause",
      "Target": "500",
      "Value": "",
      "Description": ""
    },
    {
      "Command": "if",
      "Target": "${name} == \"Maintenance Request\"",
      "Value": "",
      "Description": ""
    },
    {
      "Command": "click",
      "Target": "xpath=//*[@id=\"campaign-body-container\"]/div/div/div/form/div/div[2]/div/div[5]/div[4]/div/div/span/span/i",
      "Value": "",
      "Description": ""
    },
    {
      "Command": "click",
      "Target": "xpath=/html/body/div[${dd}]/div/div/ul/li[3]/span",
      "Value": "",
      "Description": ""
    },
    {
      "Command": "executeScript_Sandbox",
      "Target": "return ${dd} + 1;",
      "Value": "dd",
      "Description": ""
    },
    {
      "Command": "elseif",
      "Target": "${name} == \"General Feedback\"",
      "Value": "",
      "Description": ""
    },
    {
      "Command": "storeAttribute",
      "Target": "xpath=/html/body/div[1]/div[3]/div[2]/div/div[4]/div[2]/div/div[2]/div/div[1]/div[2]/div/div/div[1]/form/div/div[2]/div/div[4]/div[2]/div@class",
      "Value": "switch",
      "Description": "'el-switch' = switch is not checked"
    },
    {
      "Command": "if",
      "Target": "${switch} == \"el-switch\"",
      "Value": "",
      "Description": ""
    },
    {
      "Command": "click",
      "Target": "xpath=//*[@id=\"campaign-body-container\"]/div/div/div/form/div/div[2]/div/div[4]/div[2]/div/span",
      "Value": "",
      "Description": ""
    },
    {
      "Command": "click",
      "Target": "xpath=//*[@id=\"campaign-body-container\"]/div/div/div/form/div/div[2]/div/div[5]/div/div/input",
      "Value": "",
      "Description": ""
    },
    {
      "Command": "click",
      "Target": "xpath=/html/body/div[${dd}]/div/div/ul/li",
      "Value": "",
      "Description": ""
    },
    {
      "Command": "executeScript_Sandbox",
      "Target": "return ${dd} + 1;",
      "Value": "dd",
      "Description": ""
    },
    {
      "Command": "end",
      "Target": "",
      "Value": "",
      "Description": ""
    },
    {
      "Command": "click",
      "Target": "xpath=//*[@id=\"campaign-body-container\"]/div/div/div/form/div/div[2]/div/div[5]/div[5]/div/div/input",
      "Value": "",
      "Description": ""
    },
    {
      "Command": "click",
      "Target": "xpath=/html/body/div[${dd}]/div/div/ul/li[5]/span",
      "Value": "",
      "Description": ""
    },
    {
      "Command": "executeScript_Sandbox",
      "Target": "return ${dd} + 1;",
      "Value": "dd",
      "Description": ""
    },
    {
      "Command": "end",
      "Target": "",
      "Value": "",
      "Description": ""
    },
    {
      "Command": "click",
      "Target": "xpath=//*[@id=\"campaign-footer-container\"]/div/div/button",
      "Value": "",
      "Description": ""
    },
    {
      "Command": "click",
      "Target": "xpath=//*[@id=\"campaign-body-container\"]/div/div/div[3]/form/ul/li[4]",
      "Value": "",
      "Description": ""
    },
    {
      "Command": "comment",
      "Target": "remove follow-ups",
      "Value": "",
      "Description": ""
    },
    {
      "Command": "click",
      "Target": "xpath=//*[@id=\"campaign-body-container\"]/div/div/div[3]/form/div/div/div[2]/div/div/div/i",
      "Value": "",
      "Description": ""
    },
    {
      "Command": "click",
      "Target": "xpath=//*[@id=\"campaign-body-container\"]/div/div/div[3]/form/div/div/div[2]/div/div/div/i",
      "Value": "",
      "Description": ""
    },
    {
      "Command": "comment",
      "Target": "save the campaign",
      "Value": "",
      "Description": ""
    },
    {
      "Command": "click",
      "Target": "xpath=//*[@id=\"campaign-footer-container\"]/div/div/button/span",
      "Value": "",
      "Description": ""
    },
    {
      "Command": "click",
      "Target": "xpath=//*[@id=\"campaign-footer-container\"]/div/div/button/span",
      "Value": "",
      "Description": ""
    },
    {
      "Command": "click",
      "Target": "xpath=//*[@id=\"campaign-content-wrapper\"]/div[2]/div/div/button/span",
      "Value": "",
      "Description": ""
    },
    {
      "Command": "end",
      "Target": "",
      "Value": "",
      "Description": ""
    },
    {
      "Command": "executeScript_Sandbox",
      "Target": "return ${r}+1;",
      "Value": "r",
      "Description": ""
    },
    {
      "Command": "storeText",
      "Target": "xpath=/html/body/div[1]/div[3]/div[2]/div/div[2]/div/div[3]/table/tbody/tr[${r}]/td[2]/div",
      "Value": "name",
      "Description": ""
    },
    {
      "Command": "end",
      "Target": "",
      "Value": "",
      "Description": ""
    },
    {
      "Command": "if",
      "Target": "${status} == \"inactive\"",
      "Value": "",
      "Description": ""
    },
    {
      "Command": "click",
      "Target": "xpath=//*[@id=\"campaign-datatable\"]/div[2]/table/thead/tr/th/div/label/span/span",
      "Value": "",
      "Description": ""
    },
    {
      "Command": "click",
      "Target": "xpath=//*[@id=\"app\"]/div[3]/div[2]/div/span/span/button/span/span",
      "Value": "",
      "Description": ""
    },
    {
      "Command": "click",
      "Target": "xpath=//*[@id=\"el-popover-3922\"]/div/a[2]/span",
      "Value": "",
      "Description": ""
    },
    {
      "Command": "click",
      "Target": "xpath=/html/body/div[3]/div/div[3]/button[2]/span",
      "Value": "",
      "Description": ""
    },
    {
      "Command": "end",
      "Target": "",
      "Value": "",
      "Description": ""
    }
  ]
}