{
  "Name": "Entrata Integration",
  "CreationDate": "2023-8-8",
  "Commands": [
    {
      "Command": "store",
      "Target": "0.5",
      "Value": "!timeout_wait",
      "Description": ""
    },
    {
      "Command": "storeValue",
      "Target": "xpath=//*[@id=\"app\"]/div[3]/div[2]/div[2]/div/div[2]/div[2]/div/form/label[2]/div/div/div/div/input",
      "Value": "location",
      "Description": ""
    },
    {
      "Command": "executeScript_Sandbox",
      "Target": "return ${location}.split(' - ');",
      "Value": "location",
      "Description": ""
    },
    {
      "Command": "executeScript_Sandbox",
      "Target": "return ${location}[1];",
      "Value": "account",
      "Description": ""
    },
    {
      "Command": "executeScript_Sandbox",
      "Target": "return ${location}[0];",
      "Value": "location",
      "Description": ""
    },
    {
      "Command": "click",
      "Target": "xpath=/html/body/div[1]/div[3]/div[2]/div[2]/div/div[2]/div[2]/div/form/label[1]/div/div/div/div/input",
      "Value": "",
      "Description": ""
    },
    {
      "Command": "if_v2",
      "Target": "${!clipboard} < 9 && ${!clipboard} > 3",
      "Value": "",
      "Description": ""
    },
    {
      "Command": "executeScript_Sandbox",
      "Target": "return ${!clipboard};",
      "Value": "i",
      "Description": ""
    },
    {
      "Command": "else",
      "Target": "",
      "Value": "",
      "Description": ""
    },
    {
      "Command": "executeScript_Sandbox",
      "Target": "return 3;",
      "Value": "i",
      "Description": ""
    },
    {
      "Command": "end",
      "Target": "",
      "Value": "",
      "Description": ""
    },
    {
      "Command": "storeText",
      "Target": "xpath=/html/body/div[${i}]/div[1]/div[1]/ul/li[1]/span",
      "Value": "item",
      "Description": ""
    },
    {
      "Command": "while_v2",
      "Target": "${item} != \"Entrata\" && ${i} < 9",
      "Value": "",
      "Description": ""
    },
    {
      "Command": "executeScript_Sandbox",
      "Target": "return ${i} + 1;",
      "Value": "i",
      "Description": ""
    },
    {
      "Command": "storeText",
      "Target": "xpath=/html/body/div[${i}]/div[1]/div[1]/ul/li[1]/span",
      "Value": "item",
      "Description": ""
    },
    {
      "Command": "end",
      "Target": "",
      "Value": "",
      "Description": ""
    },
    {
      "Command": "click",
      "Target": "xpath=/html/body/div[${i}]/div/div/ul/li[1]/span",
      "Value": "/html/body/div[5]/div[1]/div[1]/ul/li[1]",
      "Description": ""
    },
    {
      "Command": "type",
      "Target": "xpath=//*[@id=\"app\"]/div[3]/div[2]/div[2]/div/div[2]/div[2]/div/form/label[3]/div/div/div/input",
      "Value": "${account} - ${location}",
      "Description": ""
    },
    {
      "Command": "executeScript_Sandbox",
      "Target": "switch (${account}) {\n  \tcase \"Next Wave\": return [\"nextwave\",\"opiniion@nextwave\",\"N3xtW@ve2022\"];\n\tcase \"Varsity\": return [\"varsitycampus\",\"Opiniion@varsitycampus\",\"APIuser123\"];\n\tcase \"Nelson Partners Student Housing\": return [\"nelsonbrothers\",\"opiniion_api@nelsonbrothers\",\"Opiniion1232023#\"];\n}",
      "Value": "creds",
      "Description": ""
    },
    {
      "Command": "type",
      "Target": "xpath=//*[@id=\"app\"]/div[3]/div[2]/div[2]/div/div[2]/div[2]/div/form/div/label/div/div/div/input",
      "Value": "${creds[0]}",
      "Description": ""
    },
    {
      "Command": "type",
      "Target": "xpath=//*[@id=\"app\"]/div[3]/div[2]/div[2]/div/div[2]/div[2]/div/form/div/label[2]/div/div/div/input",
      "Value": "${creds[1]}",
      "Description": ""
    },
    {
      "Command": "type",
      "Target": "xpath=//*[@id=\"app\"]/div[3]/div[2]/div[2]/div/div[2]/div[2]/div/form/div/label[3]/div/div/div/input",
      "Value": "${creds[2]}",
      "Description": ""
    },
    {
      "Command": "click",
      "Target": "xpath=//*[@id=\"app\"]/div[3]/div[2]/div[2]/div/div[2]/div[2]/div/form/div/button/span",
      "Value": "",
      "Description": ""
    },
    {
      "Command": "store",
      "Target": "${i}",
      "Value": "!clipboard",
      "Description": ""
    }
  ]
}