{
  "Name": "Yardi Integration",
  "CreationDate": "2023-8-8",
  "Commands": [
    {
      "Command": "store",
      "Target": "0.5",
      "Value": "!timeout_wait",
      "Description": ""
    },
    {
      "Command": "storeText",
      "Target": "xpath=//*[@id=\"location-button\"]/span/span",
      "Value": "location",
      "Description": ""
    },
    {
      "Command": "executeScript_Sandbox",
      "Target": "return ${location}.split(' - ');",
      "Value": "location",
      "Description": ""
    },
    {
      "Command": "executeScript_Sandbox",
      "Target": "return ${location}[0].search('Redwood');",
      "Value": "is_Redwood",
      "Description": ""
    },
    {
      "Command": "if_v2",
      "Target": "${is_Redwood} != -1",
      "Value": "",
      "Description": ""
    },
    {
      "Command": "executeScript_Sandbox",
      "Target": "return 'Redwood';",
      "Value": "account",
      "Description": ""
    },
    {
      "Command": "elseif",
      "Target": "${location}[1] == 'C&W'",
      "Value": "",
      "Description": ""
    },
    {
      "Command": "executeScript_Sandbox",
      "Target": "return 'Cushman & Wakefield';",
      "Value": "account",
      "Description": ""
    },
    {
      "Command": "else",
      "Target": "",
      "Value": "",
      "Description": ""
    },
    {
      "Command": "executeScript_Sandbox",
      "Target": "return ${location}[1];",
      "Value": "account",
      "Description": ""
    },
    {
      "Command": "end",
      "Target": "",
      "Value": "",
      "Description": ""
    },
    {
      "Command": "executeScript_Sandbox",
      "Target": "return ${location}[0];",
      "Value": "location",
      "Description": ""
    },
    {
      "Command": "click",
      "Target": "xpath=/html/body/div[1]/div[3]/div[2]/div[2]/div/div[2]/div[2]/div/form/label[1]/div/div/div/div/input",
      "Value": "",
      "Description": ""
    },
    {
      "Command": "executeScript_Sandbox",
      "Target": "return 3;",
      "Value": "i",
      "Description": ""
    },
    {
      "Command": "storeText",
      "Target": "xpath=/html/body/div[${i}]/div[1]/div[1]/ul/li[4]/span",
      "Value": "item",
      "Description": ""
    },
    {
      "Command": "while_v2",
      "Target": "${item} != \"Yardi\" && ${i} < 9",
      "Value": "",
      "Description": ""
    },
    {
      "Command": "executeScript_Sandbox",
      "Target": "return ${i} + 1;",
      "Value": "i",
      "Description": ""
    },
    {
      "Command": "storeText",
      "Target": "xpath=/html/body/div[${i}]/div[1]/div[1]/ul/li[4]/span",
      "Value": "item",
      "Description": ""
    },
    {
      "Command": "end",
      "Target": "",
      "Value": "",
      "Description": ""
    },
    {
      "Command": "click",
      "Target": "xpath=/html/body/div[${i}]/div/div/ul/li[4]/span",
      "Value": "/html/body/div[5]/div[1]/div[1]/ul/li[4]",
      "Description": ""
    },
    {
      "Command": "type",
      "Target": "xpath=//*[@id=\"app\"]/div[3]/div[2]/div[2]/div/div[2]/div[2]/div/form/label[2]/div/div/div/div/input",
      "Value": "${location}",
      "Description": ""
    },
    {
      "Command": "if",
      "Target": "${account} == undefined",
      "Value": "",
      "Description": ""
    },
    {
      "Command": "executeScript_Sandbox",
      "Target": "return \"Highmark\";",
      "Value": "account",
      "Description": ""
    },
    {
      "Command": "end",
      "Target": "",
      "Value": "",
      "Description": ""
    },
    {
      "Command": "type",
      "Target": "xpath=//*[@id=\"app\"]/div[3]/div[2]/div[2]/div/div[2]/div[2]/div/form/label[3]/div/div/div/input",
      "Value": "${account} - ${location}",
      "Description": ""
    },
    {
      "Command": "executeScript_Sandbox",
      "Target": "switch (${account}) {\n\tcase 'Cushman & Wakefield': return ['https://www.yardipca.com/73533ppmsitf7s','opiniion','PINYardi123!!','zjynmbycf_live']\n\tcase 'FPI': return ['https://www.yardipca.com/93358fpiint','opiniion','PiN2oi!1on','pqtmmmnes_voyager']\n\tcase 'Align': return ['https://www.yardiaspla2.com/02951arm/','Opiniion','Joe545!','pgacgltzy_live']\n\tcase 'Fath': return ['https://www.yardiasp14.com/53423fath','Opiniion','Password#1','kwzc_live']\n\tcase 'Redwood': return ['https://www.yardiasp13.com/90913redwood','Op1nR3dAP1','R3sSrv3y1nf0','rgujnh_live']\n\tcase 'Wasatch': return ['https://www.yardiasptx11.com/20070wasatch/','opiniion','2*FvQ8AQpqa!qPy6','vogjvlpke_live2']\n\tcase 'Marquette': return ['https://www.yardiasptx10.com/88290marquette','opiniion','Yardi1234','wbcqgdgrs_site']\n\tcase 'Barvin': return ['https://www.yardiasptx11.com/77698tbglive/','OpiniionAPI','Barvin123!','vobuunloz_live']\n\tcase 'ZRS': return ['https://www.yardipcv.com/78543multi/','opiniion','Yardi123!','qnulac_multi_live']\n\tcase 'Sylo': return ['https://www.yardiaspla5.com/05578rosan','Compliance','Password123!','yxircpisa_live']\n\tcase 'RADCO': return ['https://www.yardiasp13.com/44639radco/','opiniion','Op!n!!0n$332','choqlbol_live']\n\tcase 'PRM': return ['https://www.yardiasp13.com/47310settlement/','Opiniion','Fall2021!','dgfuyeadcr_live']\n\tcase 'Highmark': return ['https://www.yardipca.com/24680interface','opiniion','B583x5tw943Gkw','wjweesbls_live']\n\tcase 'Edward Rose': return ['https://www.yardiasp14.com/56703edward','opiniion','A_zV%z7_]9CcvX([','LBZLBA_LIVE']\n\tcase 'Bridge': return ['https://www.yardipcv.com/33424bridge', 'opiniion', 'Password1', 'mtuetedqdn_live1']\n}",
      "Value": "creds",
      "Description": ""
    },
    {
      "Command": "type",
      "Target": "xpath=//*[@id=\"app\"]/div[3]/div[2]/div[2]/div/div[2]/div[2]/div/form/div/div/label/div/div/div/input",
      "Value": "${creds[0]}",
      "Description": ""
    },
    {
      "Command": "type",
      "Target": "xpath=//*[@id=\"app\"]/div[3]/div[2]/div[2]/div/div[2]/div[2]/div/form/div/div[2]/label/div/div/div/input",
      "Value": "${creds[1]}",
      "Description": ""
    },
    {
      "Command": "type",
      "Target": "xpath=//*[@id=\"app\"]/div[3]/div[2]/div[2]/div/div[2]/div[2]/div/form/div/div[3]/label/div/div/div/input",
      "Value": "${creds[2]}",
      "Description": ""
    },
    {
      "Command": "type",
      "Target": "xpath=//*[@id=\"app\"]/div[3]/div[2]/div[2]/div/div[2]/div[2]/div/form/div/div[4]/label/div/div/div/input",
      "Value": "${creds[3]}",
      "Description": ""
    },
    {
      "Command": "type",
      "Target": "xpath=//*[@id=\"app\"]/div[3]/div[2]/div[2]/div/div[2]/div[2]/div/form/div/div[5]/label/div/div/div/input",
      "Value": "${creds[3]}",
      "Description": ""
    },
    {
      "Command": "click",
      "Target": "xpath=//*[@id=\"app\"]/div[3]/div[2]/div[2]/div/div[2]/div[2]/div/form/div/div[7]/div/button/span",
      "Value": "",
      "Description": ""
    }
  ]
}