BS88899690585,Pine Forest Apartments,Houston
BS34367343792,Continental Village-,New Hope
BS84176225282,Nevada Apartments,New Hope
BS85228330252,Broadway West,Robbinsdale
BS30781752820,The Archer,Sacramento
BS84904202348,Bridges at Sunset,Suisun City
BS81063630764,Shelton Eastlake,Seattle
BS85612346263,Towns At Pax River,Lexington Park
BS61423044816,Sundance at the Crossings,Indianapolis
BS78417657946,Polo Run,Greenwood
BS60527270316,Thornridge,Grand Blanc
BS06217224562,Grand Bend Club,Grand Blanc
BS26977862254,Bristol Square,Wixom
BS14983110712,Sycamore Creek,Lake Orion
BS24450188446,Lynbrook,Elkhorn
BS59142813574,Old Monterey,Springfield
BS56769331139,Redbud Ranch,Broken Arrow
BS69211662628,97 @ North Oak,Kansas City
BS90372082023,Aspire Upland,Upland
BS13001019579,Village at Pioneer Park,Peoria
BS03310306492,Cielo at Tramonto,Phoenix
BS72895659932,Winfield at the Ranch,Prescott
BS34484798970,Village at Olive Marketplace,Glendale
BS66707661388,Village at Harvard Crossing,Goodyear
BS24774248545,Murano at Three Oaks,Fort Myers
BS64074831183,Salish Flats,Airway Heights
BS43106088448,Laurel Creek,Fairfield
BS48971406819,The Larking,Minneapolis
BS48247604687,Courts at Walker Mill - FCP,Capital Heights
BS78367969102,Woods at Addison - FCP,Capital Heights
BS00339733266,Holly Spring Meadows,District Heights
BS12802160361,Springline,Menlo Park
BS39007068393,The Modern,Seattle
BS07558540475,Miro,San Jose
BS52432882209,Sawyer & Huck,Minneapolis
BS16301858912,Cheswick Village,Powell
BS39437913831,Andresen Flats Building,Davenport
BS11801948606,Haligan Coffee Company Building Lofts,Davenport
BS69368280586,GVT Lofts,Davenport
BS50744133428,Burnes Building,Hopkins
BS87803559292,St. Anthony Mills,Minneapolis
BS34898441351,226 Oceana,Virginia Beach
BS85765192806,P.I.P Realty Group- Corporate,Chicago
BS73223677013,Axis,Plymouth
BS32940590945,Towne Gardens,Buffalo
BS99937398209,Royal Isles - FCP,Orlando
BS61997509257,Golden Gate,Wixom
BS42741325810,Sumner Village,Charleston
BS91921615088,Serafina at South Mountain,Phoenix
BS18310686578,Neal Fineman,Honolulu
BS92296476860,Standard at Leander Station,Leander
BS72568465231,Pelican Pointe,Houston
BS93290342831,Long Drive Townhomes,Houston
BS14631202958,Colonial,Houston
BS18075438521,Halston South Point,McDonough
BS29838456171,Halston McDonough,McDonough
BS77637639356,Halston Harris Bridge,Dallas
BS87950132201,Halston Shiloh Valley,Kennesaw
BS18544202464,Anthem Mesquite,Mesquite
BS24389104007,Elliot Gwinnett Place,Norcross
BS02457620316,Elliot Gateway,Marietta
BS48828471133,The Liberty,Golden Valley
BS13039238607,The McMillan,Shoreview
BS89817804230,The Fuller,Minneapolis
BS31003599310,The Bryant,Minneapolis
BS46742322103,CityLine Apartments,Minneapolis
BS96501755728,Boulevard 100,St. Louis Park
BS69729467370,Bierman Place,Minneapolis
BS63010572418,2800 Girard,Minneapolis
BS07818266842,Valley Place,Crystal
BS78143862977,The Original at West Lake Quarters,Minneapolis
BS69958536800,The Fremont,Minneapolis
BS16569766772,The Commons of Inver Grove,Inner Grove Heights
BS51728711766,Terra Pointe,St. Paul
BS80496528015,Tarnhill,Bloomington
BS74645531554,Shady Oak Crossing,Hopkins
BS17191622069,Rya at RF64,Richfield
BS23616004165,River 10,Anoka
BS37572752181,Oakdale Apartments of West Saint Paul,West St Paul
BS59625996937,Meadowview,Anoka
BS47975289474,Hillsborough,Roseville
BS61679345293,Highland Park Apartments,Minneapolis
BS20966323688,Audenn Apartments FKA Hampshire Hill,Bloomington
BS17511118167,Earle Brown Farm,Brooklyn Center
BS32886019562,Eagan Place,Eagan
BS61844243338,Crest Oak,Coon Rapids
BS82584851950,Creekside,Minneapolis
BS92647991234,Cinnamon Ridge,Eagan
BS96162702298,Chateau Carmel,West St. Paul
BS96124407174,Aspenwoods,Eagan
BS66534435599,Aire MSP,Bloomington
BS58373682170,410 6th Street Apartments,Minneapolis
BS22941951114,3500 Dupont,Minneapolis
BS65967367849,326 6th Avenue,Minneapolis
BS31250732043,Inwood Grove,Houston
BS74700447813,Park on Vista,Pasadena
BS94915279247,Green Arbor,Houston
BS20969044629,Terra Creek Apartments,Rockford
BS79234182274,Arbor Village,Charlotte
BS40862981413,Crystal Creek,Phoenix
BS85839237305,Indigo Park,Albuquerque
BS01508609944,Villages at Metro Center,Phoenix
BS79993708413,Mirage at Southpoint fka Landings at Southpoint,Jacksonville
BS84597028796,Adams Village Apartments,Bloomington
BS88051302037,Windsor West,Champaign
BS55509087582,Steeplechase Apartments,Bloomington
BS65209539914,Regency Club,Evansville
BS29029469295,Red44,Rochester
BS71857516987,The Pines of Rochester,Rochester
BS65975903722,Overture Flats,Lafayette
BS74651613252,Meadow Park Apartments,Bloomington
BS88794874206,Meadow Creek Apartments,Bloomington
BS14240043973,The Legends Apartments,Champaign
BS22921917656,Gentry Square Apartments,Champaign
BS10662425349,Fountain Park Apartments,Bloomington
BS00147721552,Eddins Estates,Tuscaloosa
BS91018619475,Prentis Estates,Howell
BS09732236259,Martin Estates,Shelbyville
BS02529021012,McClellan Estates III,Marshall
BS92684917475,Van Horne Estates,El Paso
BS74158495466,Conklin Estates,Tecumseh
BS40497629580,Landings at Parkview,Jacksonville
BS65987738524,Flats at 146,Noblesville
BS35603341366,Griswold Estates,Auburn
BS70498616537,Crosswait Estates,Angola
BS05522822037,Kuder Estates,Warsaw
BS97608589388,Woodbury Estates,Adrian
BS90377373164,Geary Estates,Junction City
BS85381977651,Culver Estates,Milan
BS28005869628,Eagan Heights Apartments,Eagan
BS35582977817,Oak Forest,Houston
BS85893668242,Essex View,Baton Rouge
BS67236006230,Capital View,Baton Rouge
BS48018804104,The Elias,Baton Rouge
BS48417353487,The Commerce Building,Baton Rouge
BS77009470620,Mansions in the Park,Baton Rouge
BS09808109448,Vintage at Citi Vista,Reno
BS95928963758,Steamboat By Vintage,Reno
BS00480943406,South Peak by Vintage,Reno
BS44853845382,Ridgeview by Vintage,Reno
BS35630479700,Courtside Apartments,Portland
BS57707437049,1930 Alberta,Portland
BS2531,Northwood Apartments,Portland
BS04987344338,Alberta 14,Portland
BS12354063218,BD52,Portland
BS92304902153,Carriage House - SYLO,Tigard
BS45362158876,Vance at Bishop Union,Dallas
BS46684410624,REVL on Lamar,Austin
BS63257394674,Grove at White Oak,Houston
BS19635418570,Revl Heights,Houston
BS90220479672,Park at Voss,Houston
BS36327451992,The Daphne,Houston
BS91551180814,The Reserve at St. Johns River,Jacksonville
BS83592891592,Rivera on Broadway,San Antonio
BS50825508772,Soap Factory Apartments,San Antonio
BS28057806938,Marq Townhomes,Salt Lake City
BS92482115154,Ashwood Ridge - FCP,Jonesboro
BS44414432408,Bradford Ridge - FCP,Forest Park
BS34842404041,Laurel Pointe - FCP,Atlanta
BS86838967054,Avery Townhomes - FCP,College Park
BS66950902552,ReNew Ann Arbor,Ann Arbor
BS17031240858,ReNew Woodlake,Wyoming
BS12802000376,Arrive Streeterville,Chicago
BS62663108222,Arrive North Bethesda,North Bethesda
BS61050459286,Arrive West End,Dallas
BS69629983238,Covell on the Promenade,Westminster
BS09205031507,Astro Apartments,Seattle
BS95416155006,West Edge,Las Vegas
BS19437802901,Viva Apartments,Las Vegas
BS57456160871,Villa Del Sol,Las Vegas
BS08459995063,Toscana Apartments,Las Vegas
BS74432256410,Tierra Villas,Las Vegas
BS28583455107,Tango Bay,Las Vegas
BS33641583081,Sunrise Apartments,Las Vegas
BS64965021147,Sundance Village,Las Vegas
BS73252988655,Studio 629,Las Vegas
BS94505226760,Showboat Park,Las Vegas
BS32655992028,Share Village,Las Vegas
BS48342685442,Sequoia Meadows,Las Vegas
BS34735946532,Saratoga Palms,Las Vegas
BS77767122610,Sandpointe,Las Vegas
BS07375199240,Rosewood Park,Las Vegas
BS64122529167,Rancho Vista,Las Vegas
BS75642091302,Pecos Creek Blue,North Las Vegas
BS57548006357,Park at Spring Valley,Las Vegas
BS19037324971,Park 80,Las Vegas
BS19987813313,The Glenn Apartments,Las Vegas
BS09318801583,Olive Grove,Las Vegas
BS53890842963,L'Octaine Urban Apartments,Las Vegas
BS32891941501,Las Vegas Grand,Las Vegas
BS75064197534,Betty's Village,Las Vegas
BS19373693969,The Landing Apartments,Las Vegas
BS37933187650,Jardin Gardens,North Las Vegas
BS71756560199,Intrigue Apartments,Las Vegas
BS74823887908,The Hendrix FKA Greystone Park,Las Vegas
BS34294989364,Green Tree Apartments,Las Vegas
BS98817655686,Gleneagle's Village,Las Vegas
BS16743829067,Green Acres,Las Vegas
BS40146372622,Eagle's Nest,Las Vegas
BS45405216498,Desert Sky,Las Vegas
BS53605171919,Crystal Court,Las Vegas
BS36166760803,The Commons at Seven Palms,Las Vegas
BS63037252215,The Landing at Civic Center,North Las Vegas
BS79463390966,Cascade Apartments,Henderson
BS38444323779,Canyon Creek Villas,Las Vegas
BS12806745007,The Brixton,Las Vegas
BS06897745439,Boca Raton,Las Vegas
BS72416060384,Ascend Townhomes,Las Vegas
BS49358302140,Americana Palos Verdes,Las Vegas
BS26035090046,Acerno Villas,Las Vegas
BS17890186794,Grove at Brushy Creek,Bowie
BS46434991063,Ladybird,Austin
BS82576658388,Talavera Lofts,Austin
BS61948125325,Travis Flats,Austin
BS72189446437,Nightingale at Goodnight Ranch,Austin
BS97417974998,Reserve at Dry Creek,Hewitt
BS15961659046,Prairie Gardens,Abilene
BS03596723865,Trails at Carmel Creek,Hutto
BS62911323028,Bailey Square,Cuero
BS99131219936,Terrace at MidTowne,Midlothian
BS23943913575,Overlook at Plum Creek,Kyle
BS87322595234,Wildflower Terrace,Austin
BS87642752985,Heritage Crossing,Santa Fe
BS47480205128,Cambridge Crossing,Corsicana
BS57126627537,Morningstar Villas,Texas City
BS33326794894,Bluestone,Mabank
BS54387500197,Village at Morningstar,Texas City
BS16263989016,Cameron Heights,Portage
BS42466726076,24Eleven,Houston
BS41201085557,Prospect Point,Jasper
BS30087199767,Pines at Willowbrook,Hinesville
BS75941509295,Legend Oaks,Llano
BS69416119648,Altura Heights,Houston
BS86179846939,Aldrich 51,Austin
BS31666479407,Yash Management Corporate,Davenport
BS34687376820,Blaul Lofts,Burlington
BS03118136856,The Retreat Apartments,Roanoke
BS45570047536,The Reserve at Destination Pointe,Grimes
BS22774381391,The Landings Apartments,Westland
BS44445873646,The Highlands Apartments,Elkhart
BS56956346773,The Hermitage Townhomes at Foxwood,Portage
BS79613814898,The Crossings Apartments,Grand Rapids
BS41445304067,The Avenue Apartments,Columbus
BS88062236979,Tanglewood Apartments,Oak Creek
BS57118494746,Tall Oaks Apartments,Kalamazoo
BS15059756689,Swiss Valley Apartments,Wyoming
BS94840554981,Sunscape Apartments,Roanoke
BS49527374077,Strathmore Apartment Homes,West Des Moines
BS03693325774,Stoney Pointe Apartments,Wichita
BS39636029402,Stone Ridge Apartments,Wixom
BS63917031130,Southport Apartments,Belleville
BS80792433479,South Bridge Apartments,Fort Wayne
BS16586192556,Shannon Manor Townhomes,Davison
BS64053754552,Seville Apartments,Kalamazoo
BS04455995875,Rivers Edge Apartments,Waterford
BS67908041225,River Hills Apartments,Fond Du Lac
BS39183788049,River Crossing Apartments,St. Charles
BS71113450010,Prairie Lakes Apartments,Peoria
BS77284754147,Portsmouth Apartments,Novi
BS17092029627,Pine Knoll Apartments,Battle Creek
BS52933525875,Pheasant Run Apartments,Lafayette
BS98531803513,Orchard Lakes Apartments,Toledo
BS25020108892,Old Farm Apartments,Elkhart
BS99919790425,Oak Shores Apartments,Oak Creek
BS17573827847,Northport Apartments,Macomb
BS10420272525,North Pointe Apartments,Elkhart
BS79055792315,Normandy Village Apartments,Michigan City
BS21677956841,Newport Village Apartments,Portage
BS98424137376,Mount Royal Townhomes,Kalamazoo
BS34689164822,Montgomery Place Apartments,Montgomery
BS50125304868,Mallard Bay Apartments,Crown Point
BS47241617181,Madeira Apartments,Kalamazoo
BS14857038633,Limestone Creek Apartments,Madison
BS19173120044,Liberty Mills Apartments,Fort Wayne
BS69484081023,Laurel Woods Apartments,Greenville
BS96758776167,Latitudes Apartments,Indianapolis
BS09871480008,LakePointe Apartments,Batavia
BS37125095748,Killian Lakes Apartments & Townhomes,Columbia
BS38453900916,Ironwood Flats,Brandon
BS59828423359,Irene Woods Apartments,Collierville
BS57359148588,Indian Lakes Apartments,Mishawaka
BS59937496981,Hurwich Farms Apartments,South Bend
BS54284136163,Huntington Place Apartments,Essexville
BS61170402418,Huntington Cove Apartments,Merrillville
BS22104968426,Hunters Pond Apartments,Champaign
BS99869610595,Hillside Apartments,Wixom
BS91131918384,Hickory Village Apartments,Mishawaka
BS76243022138,Heatherwood Apartments,Grand Blanc
BS36603523980,Hampton Lakes Apartments,Walker
BS96623134596,Gull Prairie Apartments & Townhomes,Kalamazoo
BS65329917188,Green Ridge Apartments,Grand Rapids
BS66069264620,Great Oaks Apartments,Rockford
BS23914756625,Granada Apartments,Jackson
BS45703776553,Glenn Valley Apartments,Battle Creek
BS22861155645,Glen Oaks Apartments,Muskegon
BS73969933128,Foxwood Apartments,Portage
BS29500489418,Fox Pointe Apartments,East Moline
BS92644441386,Fieldstream Apartments,Ankeny
BS81403430778,Fairlane Apartments,Springfield
BS06803808061,Enclave at the Green Apartments,Midlothian
BS68994170075,Emerald Park Apartments,Kalamazoo
BS22715103087,Emerald Creek Apartments,Greenville
BS24088015772,Eastgate Woods Apartments,Batavia
BS40527457798,Dupont Lakes Apartments,Fort Wayne
BS80879238480,Cordoba Apartments,Farmington Hills
BS54525111541,Copper Creek Apartments,Maize
BS44326515997,Concord Place Apartments,Kalamazoo
BS19353018525,Colonial Pointe at Fairview Apartments,Bellevue
BS22396070288,Chase Creek Apartments,Huntsville
BS77944604768,Canal Club Apartments,Lansing
BS59138655911,Canal 2 Apartments,Lansing
BS47829923105,Byron Lakes Apartments,Byron Center
BS56167078712,Brookside Apartments,Springfield
BS20372340876,Brook Pines Apartments,Columbia
BS96657128885,Brickshire Apartments,Merrillville
BS19235384546,Briarwood Apartments,Benton Harbor
BS15625321422,Brentwood Park Apartments,La Vista
BS31359010553,Black Sand Apartments,Lincoln
BS69669771890,Bella Vista Apartments,Fishers
BS12955347096,Beacon Hill Apartments,Rockford
BS76039038044,Bavarian Village Apartments,Indianapolis
BS98114525249,Badger Canyon Apartments,Kennewick
BS26379100720,Avellan Springs Apartments,Morrisville
BS06333749309,Avant Apartments,Carmel
BS23558770822,Autumn Woods Apartments,Miamisburg
BS60611247565,Autumn Lakes Apartments & Townhomes,Mishawaka
BS27045886435,Arbor Lakes Apartments,Elkhart
BS02969197444,Apple Ridge Apartments,Walker
BS62627182894,Andover Pointe Apartments,La Vista
BS41879533642,Alexandria of Carmel Apartments,Carmel
BS07323551242,24 at Bloomfield,Bloomfield Township
BS09243505245,Woodbrook,Everett
BS60687824597,Palms at Beacon Pointe,Jacksonville
BS33915197118,Vintage at Crossings,Reno
BS18676917831,Sky Mountain by Vintage,Reno
BS20222958991,Vintage at Sanctuary,Reno
BS37694127219,Lakeside Village Apartment Homes,Lincoln
BS72430933246,SouthFork Townhomes and Flats,Lakeville
BS72942935140,Cascade Shores Townhomes + Flats,Rochester
BS71138406211,The Donovan,Lincoln
BS83314033227,Dylan Apartments,Denver
BS85029562521,Westend,Denver
BS23897715161,Sunset Trail,Rochester
BS22883136359,Fairway Meadows Townhomes,Smyrna
BS41182328262,Prairie Grove Townhomes,San Prairie
BS89494302011,Lakeside Commons,Oswego
BS26557609560,Letterman Chicago,Chicago
BS84222141875,Overlook Point,Salt Lake City
BS41934598226,Forest Park at Fletcher Hills,El Cajon
BS08386637881,Colonnade at Fletcher Hills,El Cajon
BS32619385550,Hilands,Tucson
BS21254572411,Element 41,Marietta
BS38725454108,Crossroads Westside,Kansas City
BS83388876602,Anchor at South Shore,League City
BS60657738505,Redwood Copley Heritage Woods Drive,Copley
BS22569267121,Envy Pompano Beach,Pompano Beach
BS62787086895,Integra Peaks,Reno
BS99913909418,The Peak at Sonoma,Lenexa
BS07242389549,The Maxwell,Romulus
BS03563262575,The Bennington,Bensenville
BS82214947619,Southfield Apartments,Southfield
BS22580052931,Reserve at Glenview,Glenview
BS55738306216,McCarron's View,Roseville
BS13574597388,Lincoln Landing,Hayward
BS65027454955,Antioch Crossings,Overland Park
BS98701412155,Brook Avenue Co-op,Minneapolis
BS12886261751,The Mason,St. Paul
BS54360794244,Hunter's Run,Middleburg
BS12715296145,Portofino,Palm Springs
BS80867474071,Insignia Apartment Homes,Bremerton
BS70828588278,Magnolia Terrace,Houston
BS05337195301,TL Residences,San Francisco
BS06755549907,The Rowan,Eagan
BS87221153676,Altitude Westminster,Westminster
BS42801409044,Ambrose,Bremerton
BS97194789192,Element 79,El Dorado Hill
BS94563894214,Double R Apartments,Reno
BS89671306714,Villas at D'Andrea,Sparks
BS29235443779,Villagio,Sacramento
BS98693490055,Trails at Pioneer Meadows,Sparks
BS53144374012,Stonelake,Elk Grove
BS32501950775,Press at Midtown Quarter,Sacramento
BS89667918518,Preserve at Creekside,Roseville
BS66903243832,Oak Brook,Rancho Cordova
BS86070926443,North Main at Steel Ranch,Louisville
BS19317595305,Lesarra,Eldorado Hills
BS02886298685,Fusion 355,Broomfield
BS80254289590,Cobble Oaks,Gold River
BS32705510489,Canyon Vista,Sparks
BS75104751173,Caliber at Hyland Village,Westminster
BS89367324200,Caliber at Flatirons,Broomfield
BS16715706226,BDX at Capital Village,Rancho Cordova
BS75918564608,Ashton Parc,Sacramento
BS47749956238,Alira Apartments,Sacramento
BS44096980509,Enova,Commerce City
BS57697507831,Embry Apartments,Carrollton
BS72102056044,Asteria,Tempe
BS38919365330,The Concord,South St. Paul
BS29044095468,Aquarius Apartments,Roseville
BS93876096844,Whiskey River,Lawrenceburg
BS89171774433,Cielo,Washington
BS80928495402,Sage,Arlington
BS31724150507,Park 151,East Cambridge
BS88290508584,The Birch,Conshohocken
BS30774390723,AlfaCharlie,Denver
BS33038574211,Revl Med Center,Houston
BS57469734497,Los Altos Trinity Green,Dallas
BS10394494494,Grand Pavilion,Tampa
BS14652026879,Bridges at Oakbend,Lewisville
BS06549971006,Bridges at Deer Run,Dallas
BS98903782614,Woodland Place Apartments,Midland
BS84610197336,Wood Creek Apartments,Kenosha
BS14871452670,Wingate Apartments,Kentwood
BS53733992045,Windsor Place Apartments,Davison
BS91192028534,Windmill Lakes Apartments,Holland
BS72030183285,Windemere Apartments,Farmington Hills
BS53288159872,Westlake Apartments,Belleville
BS87758938648,West Wind Apartments,Fort Wayne
BS11173308796,West Hampton Park Apartments,Elkhorn
BS66077378903,Walnut Trail Apartments,Portage
BS85927657860,Village Place Apartments,Romeoville
BS31350709990,Uptown Square Apartments,Troy
BS92572213314,Trophy Club Apartments,Midlothian
BS60492968485,Trillium Pointe Apartments,Jackson
BS99669119913,Trappers Cove Apartments,Lansing
BS71438996362,Trade Winds Apartments,Elkhorn
BS78480658615,Tracy Creek Apartments,Perrysburg
BS99922399927,Towne Lakes Apartments,Grand Chute
BS90845116301,Timberlane Apartments,Peoria
BS20701718491,Timberbrook Apartments,Peoria
BS28242837584,The Vinings at Ironbridge Apartments,Richmond
BS21574633708,The Village Apartments,Wixom
BS75919177970,The Timbers Apartments,Evansville
BS20914048063,The Springs Apartments,Novi
BS97890893048,Vistara,Ontario
BS46906845732,One Uptown Newport,Newport Beach
BS66925467472,Eleven10,Orange
BS09672419294,blu,Laguna Niguel
BS17705342246,Aria,Cerritos
BS50191068129,Cobblestone,Phoenix
BS83809310556,The Lydian-Damen Lot 2 Properties REIT LLC,Chicago
BS83486509166,Fifteen51 Apartments,Lexington
BS97859745033,Treadway at New Trails,Gardner
BS70629985944,The Otis at Fort Ben,Indianapolis
BS96005362362,Nexus Apartments,Noblesville
BS19760484835,Seaside Landing,Ingleside
BS54114740275,Madison Prairie Point,O'Fallon
BS93823911181,The Parkway on Westlake Apartments,Humble
BS96942635119,Madison Overland Park,Overland Park
BS74969392996,McKinney Village Apartments,McKinney
BS32770467222,Vistas at Jackson Creek Apartments,Monument
BS59435161391,Carmel Vista Apartments,McDonough
BS47445691736,Bucking Horse Apartments,Fort Collins
BS93410082649,The Fitz Flats,St. Paul
BS35086668788,Simonson Estates,Columbia City
BS73803550609,Raleigh House Apartments,East Lansing
BS68845727115,Oates Estates,Dothan
BS65627068824,Nelson Estates,Kendallville
BS25432921032,McClellan Estates,Marshall
BS86172893414,Kise Estates Apartments,Lebanon
BS81707429256,Grissom Estates,Cicero
BS41772304759,Gray Estate Apartments,St. Clair
BS82141754831,Davis Estates,Shelbyville
BS13013030399,Chandler Estates,Coldwater
BS43015716673,Benson Estates,Augusta
BS05089416486,Bell Estates Apartments,Dundee
BS30547348749,Anderson Estates Apartments,Radcliff
BS64950724830,Madison Providence,Collegeville
BS98461226849,Madison Park Road,Plant City
BS13682202562,Madison Laurel Springs,Raleigh
BS56209641910,Madison Laurel Oaks,Raleigh
BS15373339764,Madison Lake Ned,Winter Haven
BS57958456129,Madison Hunters Glen,Raleigh
BS86555282995,Madison Gateway,St. Petersburg
BS00520407860,Madison Ellis Preserve,Newton Square
BS57270143389,Reserve at Bridford,Greensboro
BS19289415947,Latitude at Presidio,Cedar Park
BS16853309293,EPOC - North Carolina,Austin
BS60315870303,Pavilion Apartments,Hanceville
BS18198856017,Yorkshire Village,Lubbock
BS19300269184,Woodbridge Crossing,Temple
BS22965672705,Wildwood Apartments,Owasso
BS23071802035,Sunset Apts,San Angelo
BS77946805916,Springfield,Lubbock
BS01242153357,Sonoma,Houston
BS57128965724,Sierra Apts,Harlingen
BS39958319707,Siegen Calais,Baton Rouge
BS32363058239,Shadow Hawk,Monroe
BS76631407549,Sedona Ranch,San Angelo
BS82915758680,San Pedro,Mission
BS93690668379,Rolling HIlls Townhomes,Fredericksburg
BS37678682229,Raintree Meadows,Midwest City
BS24436610150,The Pointe at North Penn,Edmund
BS80456387137,Plaza Square,San Angelo
BS71050418932,The Phoenix,Lake Charles
BS41449451448,The Palazzo,Tulsa
BS20183265672,Elevate 114,Lee's Summit
BS71958432936,Orchard Grove,Fredericksburg
BS24502846840,Mariposa Flats,Houston
BS08076383593,Legend V,Edmund
BS15282738399,Lands End,Portland
BS37319370582,Landing on 6th,McAllen
BS65344742962,Lakeside,Beaumont
BS82063546649,Keystone Crossing,Springdale
BS47457577322,Indian Creek,Georgetown
BS19500641824,The Halston,Lake Charles
BS42728643893,Flats on Youree,Shreveport
BS57743275489,Flats on Walters,Lake Charles
BS88571162842,Flats on Chapel,Waco
BS98832845601,Encore Landing,Temple
BS78068581341,Dorel Eagle Pass,Eagle Pass
BS72655407615,CrownRidge of Norman,Norman
BS72761744038,Costa Azul,Texas City
BS11721506524,Commons at McNeese,Lake Charles
BS60254191529,Cienega Apartments,Laredo
BS89318060472,Chilton Village,Lubbock
BS16338790466,Carmel Apartments,Laredo
BS11155569004,Brookstone Cottages,Norman
BS80243486227,The Brixton,San Angelo
BS78665685282,The Bradford,Lafayette
BS43278066410,Bayou Oaks,Lafayette
BS07802327192,Ashton Heights,Bentonville
BS30649533020,The Annex Apartments,San Angelo
BS30720740401,St Elmo Apts,Austin
BS94798874551,Serrano,Spokane
BS19989100545,Westchester,Los Angeles
BS31341959384,Post District,Salt Lake City
BS06600649349,Commons & Landing at Southgate,Minot
BS66356535568,Parkhouse Apartments,Thornton
BS77249333560,Connelly On Eleven,Burnsville
BS05341778391,Civic Lofts,Denver
BS59726256203,Lugano at Cherry Creek,Denver
BS38247513651,Whispering Ridge,Omaha
BS71919783807,River Ridge Apartment Homes,Bismarck
BS29161913976,Lake of the Hills,Meridian Charter Township
BS74178736174,Coventry Court,Tacoma
BS39412053042,Riverton Terrace,Spokane
BS56991954537,The Grove,Spokane
BS86813719710,Adams Square,Spokane Valley
BS84530940023,Willowbrook,Spokane Valley
BS16056337270,Weddington Midrise,Valley Village
BS75308703077,Studio City Midrise,Studio City
BS89453091055,San Clemente Beachwalk,San Clemente
BS28120089242,Radford,Valley Village
BS71380652540,Verdugo Mesa,Los Angeles
BS90577015813,Sunset Terrace,Lahaina
BS11240773353,Studio City Hills,Los Angeles
BS13485410655,The Kodo,Angeles
BS80020005602,Village Green,San Bernardino
BS49581596352,Villa Raymond,Pasadena
BS81099286591,Beverly park,Los Angeles
BS28026886928,Harvest Ridge,Chula Vista
BS60524036533,Sunrose,Chula Vista
BS49536710383,Foothill Villas,San Bernardino
BS54134919264,Heritage Park Livermore,Livermore
BS25635046753,Heritage Park Escondido,Escondido
BS81951398431,Heritage Village Anaheim,Anaheim
BS33270959626,Meadowood- Corona,Corona
BS63393834820,Tribeca- Fullerton,Fullerton
BS15605615191,Estancia- Ontario,Ontario
BS35246053298,Beachwalk,Santa Barbara
BS93689551673,Citywalk Apartments,Santa Barbara
BS66865925132,Desert Oasis,Palmdale
BS65048587753,Studio Arnaz,Los Angeles
BS32835631495,Hollywood View Towers,Los Angeles
BS28556564578,Monterey Station,Pomona
BS93816233310,Millennium South Bay,Hawthorne
BS80516495417,Crescent at West Hollywood,West Hollywood
BS13720372965,Hue39,Glendale
BS69463314519,Costa Azul,Santa Fe Springs
BS49859797290,The Thomas Apartments,Studio City
BS03494344861,Elevate Long Beach,Long Beach
BS63870945943,Volta on Pine,Long Beach
BS79367052852,Oasis Anaheim,Anaheim
BS48062402208,Mountain Valley Apartments,Morgantown
BS76889167422,University Flats,Greeley
BS51063931888,The Fairway,West Lafayette
BS02351779901,Auraria Student Lofts,Denver
BS00067779007,Stadium View,Bozeman
BS87423816331,Elevate Bellingham,Bellingham
BS58654256106,College Crest,Pullman
BS00800881000,University Gardens,Salt Lake City
BS39166358711,University Gateway,Orem
BS73810267148,800 Block,Logan
BS35945483699,Wildcat Canyon,Tucson
BS28561276692,Tempranillo,Clovis
BS68562442640,University Towers,Orem
BS99116320914,Alpine Flats,Logan
BS40343356100,Duck Abbey,Eugene
BS18784373498,Trailhead Tech,St George
BS03524949071,Elliston 23,Nashville
BS37432603714,Arbors at Orange Park,Orange Park
BS01383906648,Woodbridge Apartments,Dallas
BS19596583986,The Summit at Midtown Apartments,Dallas
BS54219312319,Princeton Court Apartments,Dallas
BS28649287073,Preston Park Apartments,Dallas
BS10420291648,Harvard Square Apartments,Dallas
BS60434536957,Canyon Creek Apartments,Dallas
BS28034443570,Cambridge Court Apartments,Dallas
BS68053219805,The Brownstone Apartments,Dallas
BS80255637323,The Biltmore Apartments,Dallas
BS15396775206,Washington Place Apartments,Miamisburg
BS01201754885,Washington Park Apartments,Centerville
BS20638644135,Village East Apartments,Franklin
BS64477332939,Trails of Saddlebrook Apartments,Florence
BS61774933592,Romaine Court Apartments,Cincinnati
BS04194710708,Red Bank Reserve Apartments,Cincinnati
BS30794554515,Park Lane Apartments,Cincinnati
BS02990110452,Nantucket Apartments,Loveland
BS94228947467,Montana Valley Apartments,Cincinnati
BS32671651982,Lisa Ridge Apartments,Cincinnati
BS30557448578,Lake of the Woods Apartments,Mt. Healthy
BS81397947194,Tech Dunes Apartments,St George
BS71134794718,Solstice at Fiddyment Ranch,Roseville
BS30998264221,Fairfield Pointe Apartments,Fairfield
BS30764010186,Deer Hill Apartments,Cincinatti
BS20440239225,Paseo Residences at Eilan,San Antonio
BS58722185795,Compton Lake Apartments,Mt. Healthy
BS17924241183,Colonial Ridge Apartments,Cincinatti
BS95751131886,College Woods Apartments,Cincinatti
BS25764594060,Bluegrass Manor Apartments,Erlanger
BS55148529711,Aspen Village,Cincinatti
BS01330894433,Union @ Roosevelt - Origin Investments,Phoenix
BS04131906953,Logan at Osborn,Phoenix
BS02234316567,Logan at Southern Highlands,Las Vegas
BS75433815949,South Beach by Logan,Las Vegas
BS50162931149,The Alton Oak Lawn,Dallas
BS63952239682,Santana Terrace,Santa Clara
BS86603763079,The Haven,Milledgeville
BS82102817313,Campus Edge,Milledgeville
BS63627337229,Prospect Milledgeville,Milledgeville
BS66407664469,District Midtown,Greenville
BS96801647174,Grand Arbor Reserve,Raleigh
BS68511956828,Kaia,Lomita
BS99561536803,The Rockwell Apartments,Madison
BS37999721429,The Lofts of Merchants Row,Detriot
BS57968759539,Prentiss Pointe Apartments,Harrison Twp.
BS79787533671,Lakeside Village Apartments,Clinton Twp.
BS39890526672,Knottingham Apartments,Clinton Twp.
BS80882840238,The Lofts at Reynolds Village,Asheville
BS55788842751,Eastwood Village Apartments,Clinton Twp.
BS36419302129,Dover Hills Apartments,Kalamazoo
BS85387398029,Drawbridge Apartments East,Harrison Twp.
BS00456803308,"Optima Sonoran Village I, II and III",Scottsdale
BS06108953452,Optima Signature,Chicago
BS35681725635,"Sugar Mill Apartments I, II & III",Addis
BS77580384358,Apalachee Point,Tallahassee
BS44316432354,Overlook at Allensville Square I & II,Sevierville
BS25159160367,Centennial Village,Oak Ridge
BS58222578023,Abode Red Rock,Las Vegas
BS93449137113,Vistas at Vance Jackson,San Antonio
BS54239218607,Mission Oaks,San Antonio
BS50446283439,Waterford at Summer Park,Rosenberg
BS26005148239,Lake Forest,Humble
BS43752040964,Breakwater Bay,Beaumont
BS59585572910,"Post Westchase Holdings, LLC dba Westchase Forest - FCP",Houston
BS61886642752,"Post Dacoma Holdings, LLC dba The Dacoma - FCP",Houston
BS31642652974,"Post Gramercy Holdings, LLC dba Gramercy Park - FCP",Houston
BS67706597596,The Jax - FCP,San Antonio
BS48794853715,Grove East,Humble
BS69467363679,Summit - FCP,San Antonio
BS35243573206,Optima Lakeview,Chicago
BS23146085314,Optima Kierland,Scottsdale
BS39049864914,Lydia Rose,Roseville
BS27278880271,Whispering Pond Apartments,Little Canada
BS67772333014,Royal Oaks,Blaine
BS07327162635,Moore Lake,Fridley
BS70103350781,McCarrons Village Apartments,St. Paul
BS62782099600,Granite Trails,St. Paul
BS01383687013,Garden Oaks,Coon Rapid
BS89241654036,Cottage Villas,Arden Hills
BS70702620345,Central Village,North St. Paul
BS66956152758,Peacock Property Management Corporate,Charleston
BS21246865793,Viridian Design District,Houston
BS05251840672,880 Lyn,Irving
BS51715163935,Pinebrook Apartments,Greenwood
BS20285705771,Flats of Lebanon,Lebanon
BS64576535763,Library Park Apartments,Greenwood
BS90221799853,The Cove,Bowling Green
BS90033608437,Alexander Ridge,Canton
BS99132642178,Ovation at 3500,Columbia
BS77449381085,Villa Hermosa,Miami
BS02104459148,Valencia Pointe,Miami
BS29901943261,Tuscany Place,Homestead
BS84045550030,Siesta Pointe,Miami
BS50340354449,Sanctuary Cove,North Lauderdale
BS31339333618,San Marco,Ormond Beach
BS57197622633,Renaissance,West Palm Beach
BS59128584004,Preserve at Boynton Beach,Boynton Beach
BS55356947732,Palm Park,Boynton Beach
BS36520963974,Oaks at Pompano,Pompano Beach
BS83154570567,Monterey Pointe,Homestead
BS32763939928,Mission Pointe,Jacksonville
BS92453330895,Mission Bay,Viera
BS57980860458,Mirabella,Homestead
BS79706549823,Mariner's Cove,Tampa
BS14057102414,Marbrisa,Miami Gardens
BS76440031766,Laguna Pointe,Pompano Beach
BS11559162529,Indian Trace,West Palm Beach
BS76328272594,Hidden Cove,Miami
BS59569278190,Hibiscus Pointe,Miami
BS07228917787,Heron Pointe,Miramar
BS12907432276,Hawks Landing,Fort Myers
BS92854431399,Harbour Cove,Hallandale Beach
BS35726116106,Grove Pointe,Ruskin
BS87193415071,Golden Lakes,Miami
BS01136320751,Edge at Town Center,Jacksonville
BS75273883254,Eagles Landing,Miami Gardens
BS60145453266,Eagle Pointe,Pompano Beach
BS17871610487,Doral Terrace,Miami
BS48937227385,Cypress Trace,Brandon
BS47508105134,Crossings University,Miami
BS98760007554,Cross Keys,North Lauderdale
BS80594338276,Clipper Cove,Tampa
BS50947167596,Clipper Bay,Tampa
BS47777244973,Carolina Club,Daytona Beach
BS22508734792,Captiva Club,Miami
BS12634805133,Bristol Bay,Tampa
BS23305625318,Bonita Pointe,Florida City
BS02001756924,Bernwood Trace,Fort Myers
BS04926235279,Baywinds,Miami
BS40728742481,Banyan Pointe,Coconut Creek
BS16326866004,Aqua 2800,Oakland Park
BS70009835190,Alhambra,Miami
BS68077435054,Madison Druid Hills,Atlanta
BS84421803994,Madison Rockwood,Ballwin
BS08011645210,Madison Glen Mills,Glen Mills
BS87128393091,Marabella,Grand Prairie
BS23392239170,Edgewater Apartments,Philadelphia
BS73567809431,Woodcreek Village,Walbridge
BS88801865964,Preston Gardens,Perrysburg
BS70183196268,The Villas at Green Meadows,Perrysburg
BS80232758451,Owens Lake Commons,Walbridge
BS84386574139,Lakes at Woodmont,Perrysburg
BS39149349988,"Harbor GD, LLC dba Madison West Apartments",Las Vegas
BS87261556759,The Lex,St. Paul
BS19572740017,Stoneridge of Mendota,West St. Paul
BS67044505244,The Mendota,St. Paul
BS22870224986,Oaks Centropolis,Kansas City
BS83205458167,Oaks Station Place,Minneapolis
BS99029710910,Oaks Lincoln Apartments and Townhomes,Edina
BS26382355152,Oaks Vernon,Edina
BS72309399368,Oaks 5th Street Crossing at City Station,Garland
BS07227855168,Oaks 5th Street Crossing at City Center,Garland
BS60768998952,Oaks Hackberry Creek,Las Colinas
BS29040539222,21st Century Property Management,Oceanside
BS60461373252,The Kelton,American Fork
BS49976025165,Harris Trail - Fundrise,Richmond Hill
BS69771678152,Omnia at Richmond Hill - Fundrise,Richmond Hill
L93163723926,Rock Ridge - Fundrise,Pensacola
L70770781744,Cypress Bay - Fundrise,Palm Bay
L08711361846,Treeline Trails - Fundrise,Jacksonville
BS84991342574,Moss Creek Townhomes - Fundrise,Louisville
BS84789774485,Beall Way - Fundrise,Denton
BS88755350876,East Market Kilbourne,Charlotte
BS63835639210,Midtown on Seneca,Tucson
BS42607027410,Stewardship Property Management- Corporate,Massillon
BS28392438048,Veranda Ontario,Ontario
BS25424816192,Veranda Riverside,Riverside
BS63942360334,Tanglewood at Davis,Davis
BS76295019262,The Mansion Apartments,Sacramento
BS89692308384,Heights on Huron,Northglenn
BS25091294508,The Nash,Portland
BS24867547983,The Huntley Apartments,Beaverton
BS01721514140,Madison Sammamish,Sammamish
BS84928272815,Skyline Redmond,Redmond
BS30998511259,The Knoll Redmond,Redmond
BS79245875424,Haven at Golf Creek,Portland
BS31324993142,Skyline at Murrayhill,Beaverton
BS95828784743,Timbers at Tualatin,Tualatin
BS97394155294,The Rosie - Origin Investments,Chicago
BS58190294222,Wexford Place,Rosemount
BS87797035359,Victoria Flats,Victoria
BS71476796631,Urban Park I & II,St. Louis Park
BS14620011270,The Yards,St. Paul
BS59055969007,The Sixton,Shakopee
BS05512061172,The Shoreham,"St, Louis Park"
BS20027917276,The Morrison,Rosemount
BS42684943987,The Mezz at West Lake Quarter,Minneapolis
BS86464369781,The Hill,St. Paul
BS22309260734,The Finn,St. Paul
BS12360864351,The Arlow on Kellogg,St. Paul
BS23421805634,The Arbors,Bloomington
BS90818719576,Stonegate,Blaine
BS62053495587,Point of America,Brooklyn Park
BS91742851281,Plaza Apartments,St. Anthony
BS66857463041,Parkridge Way,New Hope
BS49092849619,Overlook on the Creek,Minnetonka
BS29154779193,Nicollet Court,Bloomington
BS37644111396,Masada Manor,Bloomington
BS29989016938,Mahtomedi Flats,Mahtomedi
BS40211833792,Lakeville Pointe,Lakeville
BS57729890484,Kings Manor,New Hope
BS33898163990,Joppa Lane,"St, Louis Park"
BS71791552391,Grove80,Cottage Grove
BS06395045850,Compass Pointe,Minneapolis
BS17246607037,Babcock Crossing,Inver Grove Heights
BS00636858532,Arris,Lakeville
BS32953940146,8920 Wentworth,Bloomington
BS83288793425,8940 Wentworth,Bloomington
BS98629347185,624 Huron,Minneapolis
BS67008594000,Huntington Meadows,Austin
BS15224618159,Bennington Place Apartments,Warrenton
BS66391781250,Pollard Properties,Warrenton
BS21902112947,Society Las Olas,Fort Lauderdale
BS80435799964,Sycamore Place,Milwaukee
BS27098867393,Santa Rosa Apartments,Lafayette
BS56493474176,Lila Place,Lafayette
BS76398116184,Holly Place,Lafayette
BS01349845139,Celeste Apartments,Lake Charles
BS91869045028,Ansley Place,"Houma,"
BS90979489180,Heather Downs Apartments,Citrus Heights
BS12682888162,Spring Club Apartments,Santa Rosa
BS15809542077,Village Apartments,Carlsbad
BS84297368871,Montgomery,Irving
BS86937698040,Maxwell,Fort Worth
BS17495244927,Hudson,Arlington
BS26703567300,The Asher,Austin
BS97577821356,Motif at Flagler Village,Fort Lauderdale
BS58313647918,Parq at Camino,North Las Vegas
BS70357645957,Bridge - Pointe Sienna,Jacksonville
BS91104110266,The Courtney at Lake Shadow,Orlando
BS91616237665,Park 35,Decatur
BS40785944217,Reside Rentals - Single Family Homes,Logan
BS40130951775,Homes on Parkway,Providence
BS92045064177,Logan Landing Townhomes,Logan
BS38640570379,Petra Place,Madison
BS85227380668,Catalpa Crossing,Madison
BS27813938203,Oak Hollow I & II,Seguin
BS06358962110,Pointer Ridge Management,Baltimore
BS13095710509,Fiedler Apartments,Madison
BS71218491211,Magnolia Apartments,Madison
BS62006865993,Capital View Apartments,Madison
BS13522138060,Town's Edge Apartments,Madison
BS47362709586,Bayshore,East Haven
BS48175681905,Enclave & Parc West,West Hartford
BS54484578629,The Austin Townhomes,Draper
BS55499744877,The Pointe at Midtown,Raleigh
BS47738369635,Canterbury Square,Richmond
BS55802558408,Lake 28,Land O' Lakes
L48774369434,Westchase,Harvey
L99326300004,Whitney Maynor,Gretna
BS20719606678,Neuhas Lake Worth Apartments,Lake Worth
BS50177281808,Regency Park,St Cloud
BS32021310894,Habour Place,Wilmington
BS27374031495,Friendship Villas,Winston Salem
BS77965152119,Broadbay Crossings,Winston Salem
BS99087022247,West Meadows,Winston Salem
BS52806681724,Cincinnati Region,Cincinnati
BS03177544168,1801L Apartments,Sacramento
BS20940098950,Hillside Community,Carrollton
BS32084715112,Location Properties,Lawrence
BS58867736086,Elle West Ave fka Gables West Ave,Austin
BS70469935762,Residence at Boardwalk Apartments,Bixby
BS73838363043,Grand Gateway,St Cloud
BS01820023830,Redwood Delta Township Willow Highway,Lansing
BS22565259279,Redwood Obetz,Groveport
BS86514387275,Villa Hills Apartments,Duluth
BS80324875906,Maggie Manor Too Apartments,Wayzata
BS48253521886,Northfield Estates Apartments,Northfield
BS79208069495,Maple Trails Apartments,Northfield
BS41754981256,Woodridge Apartments,Northfield
BS60630021700,Hidden Valley Apartments,Northfield
BS86222486590,Anderson-Holmes Apartments,Minneapolis
BS06929821058,AVID Apartments,Minneapolis
BS09541914363,Tree Tops Townhomes,Minneapolis
BS55125749238,Windom Gables Apartments,Minneapolis
BS53060349410,River Ridge Apartments,Hutchinson
BS02157746996,Windfield Estates,Bloomington
BS02399173332,Parkview Apartments,Bloomington
BS84052277632,Park South Apartments,Alexandria
BS64848931131,Northwood Commons,Fargo
BS21007476922,Gardner Apartments,Fargo
BS63127586903,Prairie Sky,Moorhead
BS20205063832,Brunsdale Park Apartments,Fargo
BS59074329552,"Evans Place I, II, III",Fargo
BS09513124103,Citi Park,Fargo
BS82722508369,Verge Grand Forks,Grand Forks
BS06263748437,Tremont,Stage College
BS97308404318,The Wilde Raleigh,Raleigh
BS81133638975,The Vault,Statesboro
BS45340249850,The Loop,Isla Vista
BS50110445363,The Lofts at City Center,Tuscaloosa
BS01628963404,The Continuum,Gainesville
BS20999901862,The Bloc,Lubbock
BS11532622501,The Arrow,Bozeman
BS25850010383,SoL,Tempe
BS53068944494,Rush,Charlotte
BS79090602750,Reserve at Carrollton,Carrollton
BS25224948449,Park East,Lubbock
BS38820894239,Naismith,Lawrence
BS03298289303,Landmark,College Park
BS23681009494,Element Communities Columbia,Columbia
BS69573936474,Element Communities,Columbia
BS42080882723,Douglas Heights,Chattanooga
BS17318177042,Cottages of Boone,Boone
BS99699195405,Cottages at Lake Tam,Tuscaloosa
BS20605828847,Coronado,St. Louis
BS33507410009,Copper Social,Marietta
BS55647873776,The Briar,Houston
BS58969590493,"Minnix Property Management, Inc",Lubbock
BS06890771524,Redwood Vandalia,Dayton
BS77715645868,The Village at Vintage Ranch,American Canyon
BS78634564549,Kaufmann's Grand on Fifth,Pittsburg
BS91408384821,Southline,San Antonio
BS99531589721,Dwellings LLC,Bloomington
BS96596360758,The Victor,Fresno
BS50456320181,Mesa Victorville,Victorville
BS62087947000,Mesa Upland,Upland
BS02770552367,Reserve at Hunters Ridge,Eugene
BS57930882192,Yopp,Winston-Salem
BS10669125272,The Fountains Apartments,West Des Moines
BS77192721146,Creekside Apartments,Clackamas
BS90600606848,Bass Lake Hills Townhomes,Plymouth
BS65046622014,Birch Lake Townhomes,White Bear Lake
BS70445173020,Monterra,Las Vegas
BS71224351771,Wellington Apartment Homes,Silverdale
BS54654030868,Redwood Rochester Hills,Rochester Hills
BS09263212056,The Vela,Tracy
BS60430098343,Ramshaw Real Estate - Corporate,Champaign
BS53517976869,1331 Juniper,Philadelphia
BS80316649710,Wharton Flats,Philadelphia
BS45730994697,Spruce Square,Philadelphia
BS91388258143,Shepherd Lofts,Philadelphia
BS38284352144,Graduate Pointe,Philadelphia
BS62856317115,The Ashley,Charleston
BS22757022927,The Jones,Hillsboro
BS78116898331,The Avery at Orenco Station,Hillsboro
BS44768868530,Terra at Hazel Dell,Vancouver
BS69259505302,Bungalows at Sky Vista,Sparks
BS71572606041,Sky Vista South,Sparks
BS11462619197,Sky Vista North,Sparks
BS68265596984,Ardella on Chagall,Moreno Valley
BS43451070421,Harmon JD,Las Vegas
BS52900404792,The Arch Troy,Troy
BS44809554069,The Hermitage,Jackson
BS72274063015,Scenic Ridge,Chattanooga
BS77140390875,Orchard Park,Madison
BS62115282472,Grove at Enon Springs,Smyrna
BS94584525307,Dupont Avenue,Madison
BS03457873289,Cove at Center Point,Murfreesboro
BS78229480414,Poplar Village,Murfreesboro
BS22306398185,Ridgeview North Gate,Chattanooga
BS43260857128,Whispering Oak,Jackson
BS11982251211,Elysian St Rose,Henderson
BS46313823421,Yugo Starkville 21 Apartments,Starkville
BS38952876666,Yugo Madison Lux,Madison
BS84871303343,Yugo Lexington Campus Court,Lexington
BS75614885522,Yugo Greenville Campus Towers,Greenville
BS52989649999,Yugo Fort Collins Grove,Fort Collins
BS26362727505,Yugo Flagstaff Grove,Flagstaff
BS49005004159,Yugo Corvallis Domain,Corvallis
BS87642678089,Yugo College Park University Club,College Park
BS86282252224,Parkside So7 Urban Apartments,Fort Worth
BS83211466850,Hometeam Properties,Columbus
BS46269906682,The Element Apartments,Manteca
BS97796282689,Laurel Heights,New Braunsfels
BS05078778330,iConic at Windsor Park,Austin
BS64394654479,iConic at South 1st,Austib
BS28075171584,iConic at Mueller,Austin
BS65213913350,The Retreat,Reno
BS46873971985,Vine by Vintage,Lompac
BS21991217108,The Watts at Hampton Cove,Huntsville
BS35774011934,Rock Hill W2C,Rock Hill
BS57713490115,Conway W2C,Rock Hill
BS66068620489,The Ascent,Conway
BS72013422985,The Arch,Conway
BS10201842535,Columbia W2C,Columbia
BS55684586833,The Western,Chicago
BS10728318992,850 Lake Shore Drive,Chicago
BS70207997852,Century Tower,Chicago
BS20658477913,ReNew on Merritt,Oakland
BS77371897196,Maple Leaf Management,Seattle
BS33175877321,Meadowbrooke Apartment Homes,Grand Rapids
BS26231442574,Dodson Pointe Apartment Homes,Rogers
BS40205855877,Churchill Lofts,Burlington
BS74317247475,Southridge Apartments,Reno
BS48009430396,The Oaks at Platte City,Platte City
BS07205701241,LoSo Walk,Charlotte
BS71874974482,The Apartments at Midtown 501,Chapel Hill
BS14234256044,Halston Paces Crossing,Norcross
BS74935150855,Avalon Townhomes,Hampton
BS78355046671,The Residences at Forest Grove,Newport News
BS16083539887,The Residences at Cedar Hill,Newport News
BS50182162316,The Residences of Westover Hills,Richmond
BS04966117389,FortyOne 11,Portland
BS11693749642,Glade Creek Apartments,Roanoke
BS40941099918,Salem Wood Apartments,Salem
BS74148568079,Belmont Landing,Farmville
BS24422988978,Westgate Apartments and Townhomes,Manassas
BS68391999331,The Crest,Salem
BS61205083569,North Woods Apartments,Charlottesville
BS37864590864,MSC UVA,Charlottesville
BS13239660314,Sunchase JMU,Harrisonburg
BS85309515115,Longview Oaks,Harrisonburg
BS87156254636,Isles Home,Roseville
BS89654317020,West Ridge Apartment Homes,Smithfield
BS93847688667,Stonebrook Apartment Homes,Smithfield
BS70343078914,Sunshine Portland,Portland
BS14219257296,The Kelston,Charlotte
BS45830222009,The Avalon,Charlotte
BS02316575459,Kinsley Yard,Modesto
BS37339347003,The Crown on Leland,Philadelphia
BS70061976880,The Strand at Beulah,Grove City
BS07598580629,Township Eastside,Portland
BS92623887013,Polanco,Scottsdale
BS20433055367,Summit at TPC,San Antonio
BS64463845600,Summit Salado Creek,San Antonio
BS78583318951,Heights by Vintage,SeaTac
BS16229902800,Ascent North Burnet,Austin
BS66918180314,Summit at West Wood,Austin
BS07109032203,Ascent at Fitzsimons,Aurora
BS10922001455,Ascent Highline,Aurora
BS09962856302,Ascent Quail Creek,Austin
BS52629963492,Ascent Walnut Creek,Austin
BS53480131298,Ascent Northgate,Austin
BS63763831740,Ascent at Autumn Glen,Taylorsville
BS84214416412,Ascent at Cottonwood Creek,Murray
BS33936111865,Ascent at Marmalade,Salt Lake City
BS10515345367,Summit at Layton,Layton
BS42681118090,The Grove Phase II,Salem
BS48424584545,Viera at Cool Springs,Franklin
BS42226104299,Retro Five Eleven,West Haven
BS92641887320,Packard West Hartford,West Hartford
BS04910610574,Five High,West Hartford
BS28742467884,Up House,Farmington
BS22585740429,Encore 99,East Haven
BS97061702976,Briarwood,Dumfries
BS03988732879,Boston Lofts,Milwaukee
BS17866993329,Arbor Commons,Ellington
BS91049834738,Alcovy Terrace,Covington
BS75884593143,Harmony Village,Gonzales
BS22657002986,Red Bud Bungalows,West Lake Hills
BS07371135363,The Highlander,Austin
BS08974998472,The Haven,Austin
BS01909708881,The Chateau,Austin
BS99026252171,The Nest Apartments,Austin
BS03632359744,Spanish Trails,Austin
BS55072794847,Sofi Parc Grove,Stamford
BS21726822392,Sofi at Murrayhill,Beaverton
BS23214301827,Sofi Lyndhurst,Lyndhurst
BS63052674365,17 Barkley,Gaithersburg
BS20062027554,Sofi at 50 Forest,Stamford
BS04199198296,Anson Apartments,Burlingame
BS82158099679,Sofi at Salem Station,Salem
BS09964835393,Sofi Danvers,Danvers
BS73280761600,Haven Apartment Homes,Kent
BS72616075770,The Knoll at Fair Oaks,Fairfax
BS34844302344,Terra Apartment Homes,Federal Way
BS60297462642,Sofi at Cedar Mill,Portland
BS48213047024,Sofi 55 Hundred,Arlington
BS70926989664,Sofi Warner Center,Woodland Hills
BS15268547463,Sofi Morristown Station,Morristown
BS84914889308,The Landing at Channel Islands,Oxnard
BS91555832303,Sofi Gaslight Commons,South Orange
BS23892912253,Domus on the Boulevard,Mountain View
BS30827456276,Sofi Westview,San Diego
BS03261371400,Sofi Dublin,Dublin
BS31739440750,Sofi Somerset,Bellevue
BS98606766824,Skyline Terrace,Burlingame
BS78542182831,2900 On First,Seattle
BS40704600357,Sofi Topanga Canyon,Chatsworth
BS09736020958,The Marc,Palo Alto
BS66377516848,Montecito,Santa Clara
BS10532476810,Verse Seattle,Seattle
BS98235153951,Terra at Portola Park,Livermore
BS57533155457,Mia,Palo Alto
L02837940755,Southdale Parc,Richfield
L61153412865,Park Place,Plymouth
BS74479038190,The Ponds at Heritage Place,Sartell
L86321446947,The Beckley,Dallas
BS75587787069,Hiawatha Court Apts,Hopkins
BS57469156594,Bryant Manor,Minneapolis
BS65797285856,Colfax Manor,Minneapolis
BS37055999050,Chateau Montreal,St. Paul
BS09326352388,Falcon Arms,Falcon Heights
BS77083809904,Shepard Terrace,St. Paul
BS97189577697,Franklin Villas,Minneapolis
BS86672083569,Boulder Court,Eagan
L20957700828,LT Property Management,Spokane
BS80059832952,Cottages at Bell Station,Fort Worth
BS25932168763,North Park Townhomes,Springtown
BS08497786594,The Barcelona,Fort Worth
BS16192032759,The Palmer,Fort Worth
BS07254792313,The Retreat,Fort Worth
BS98152193306,Alana 8/18,Castle Rock
BS70663793028,Parallel,Wheatridge
BS84552951861,Villas De Santa Fe,San Antonio
BS67734707153,The Fredd,San Antonio
BS87944026543,426-428 West 48th Street,New York
BS76503174344,321 E. 69th Street,New York
BS06862016439,253 E. 52nd Street,New York
BS72898360746,37-39 W 8th Street,New York
BS74752834053,Flats at Riverview,Duluth
BS66930974897,Greens at Braelinn,Peachtree City
BS88865515077,Greens at Peachtree City,Peachtree City
BS95136253511,Revl Crockett Row,Ft Worth
L28657143010,Augusta Woods,Staunton
BS05302411913,The Arch at Abilene,Abilene
BS30121080865,Grove at Slippery Rock,Slippery Rock
BS81523886223,Aura @ 4th,St. Petersburg
BS10116893519,The Travis,Frisco
BS77641800257,The Riley,Richardson
BS25253949780,Prospect Park Limited Partnership,Minneapolis
BS00193524455,Carrington Drive Preservation,Brooklyn Center
BS81072370091,College Square Apartments,Indianapolis
BS50319447729,Ridgewood Elkhart,Elkhart
BS72473200202,The Farmstead,Vancouver
BS46669310951,OREI Canyon Grove Property Owner,Grand Prairie
BS51428180228,Nuvo Boca,Boca Raton
BS23152908417,Woods of Castleton,Indianapolis
BS41801849598,Waterside at Castleton,Indianapolis
BS24288839082,Preserve on Blue Road,Greenfield
BS79469823582,H2,Birmingham
BS41676502855,Woodfield Morrison Yard,Charleston
BS16331661736,EPOC,Austin
BS22083319221,Pearl Creek,Roseville
BS70593020603,Anderson Flats,Austin
BS95131557602,Groma,Boston
BS54097357057,The Broadview at Vanderbilt,Nashville
BS84079642993,Aspire Seneca,Victorville
BS12607220471,Aspire Sacramento,Sacramento
BS09776559714,Verge Las Cruces,Las Cruces
BS79688096152,Reserve Orono,Orono
BS08695620108,Grove at Stephenville,Stephenville
BS12888950905,Grove at Cheney,Cheney
BS14564294256,Grove at Auburn,Auburn
BS25989237402,The Boulevard,Detriot
BS80468669528,Mode Apartments,Sacramento
BS76508525193,Apex at the Grande,Hammond
BS44771306722,Summit,Las Vegas
BS71654252648,The Townline,Hopkins
BS72433689390,Upper Vue Flats,Dublin
BS95319766873,Black Cat,Meridian
BS50031169670,Claro at High Point,Aurora
BS56832203070,Peregrine 8/1,Minneapolis
BS55574301963,The Trilogy Apartments,Belleville
BS41193425003,Auburn Gate,Auburn Hills
BS96661969831,Bella on Canyon,Puyallup
BS91148384366,The Quad on Delaware,Minneapolis
BS24589784029,Redwood Troy Arthur Road,Troy
BS57750608152,The Courtyard @ The Corner,Jonesboro
BS09774767598,The Courtyard @ Ironworks,Memphis
BS44745318609,Redwood Volo,Volo
BS14639132120,Crawford Crossing,Turner
BS81120302623,The Post,Pleasant Hill
BS74911419601,District at 54,Raleigh
BS47887674996,The Hamilton,Houston
BS19445603730,The Camaron,San Antonio
BS66339651922,Sky at Saldado,San Antonio
BS13236004445,Castle Hills Townhomes,San Antonio
BS56475190844,Avenue at Converse,Converse
BS67893061505,The Broadway Building,Seattle
BS96162621443,Dunn Motors Building,Seattle
BS23790252205,Shane Wilson,Dalton
BS75322493805,Canvas Columbia,Columbia
BS63921216959,The Porte at Pathstone,Pensacola
BS21761651379,The Grove,Raleigh
BS04522003012,Avilla Marana,Tucson
BS18508678770,Mondrian West Village,Dallas
BS01074257527,Oakgrove,Newberg
BS24143119399,Bella Sonoma,Fife
BS87568665595,Encantada Twin Peaks,Marana
BS95808937637,Madison Prickett Preserve,Yardley
BS72187100685,Redwood Brunswick Hills,Medina
BS41054868082,BayPointe Crossing,Virginia Beach
BS64709943523,Meadowscape,Olympia
BS17631788888,Ivy Knoll Apartments,Indianapolis
BS54439115332,Fallwood Apartments,Indianapolis
BS19753965155,Monarch at Hall Park Residences,Frisco
BS43672772891,The Axis,Orem
BS53721379833,10 Stars Property Management,Pinellas Park
BS92844906174,The Lodge of Overland Park,Overland Park
BS61155477961,Velo Spokane,Spokane
BS09818764060,The Townhomes at Horizon Ridge,Henderson
BS26871027480,36 Palms Townhomes,Missouri City
BS06743495756,Presley at Whitney Ranch,Las Vegas
BS56731102101,Cyan at Green Valley,Henderson
BS62295188012,LuxLiv,Riverside
BS36427343332,Strata Flats,Allentown
BS83632850029,Tuscany Villas,Visalia
BS16610805293,Westcreek Reno,Reno
BS12260045526,Madison Sierra Sun,Puyallup
BS32719458423,Desert Sage Apartments,Hurricane
BS81428935629,Whispering Hills,Overland Park
BS70451228754,Carlisle and Vine,Dallas
BS53466389137,County Line Apartments,Miami
BS52826026381,Newbridge Commons,Columbus
BS77034698760,Vista Oaks,Martinez
BS65693845662,Mission Pines,Martinez
BS36438512083,Lime Ridge,Concord
BS28744196671,Ascent Apartment Homes,Cottonwood Heights
BS80446610252,Doria Apartments,Virginia Beach
BS28672808881,San Vicente Tower,Santa Monica
BS93496976858,Amber Grove at Olley Creek,Marietta
BS23879229760,Fishpond at Cuero,Cuero
BS12023195614,Springhill Apartments,Fredonia
BS57667030070,Cedar Realty,Chicago
BS46446738451,Residence at Topiary Park,Columbus
BS51647611489,The Eleven Hundred,Sacramento
BS80241285030,Station by Vintage,Covington
BS27972825199,Redwood Troutman,Troutman
BS98134684618,Redwood Charlotte Harris Houston Road,Charlotte
BS90623660348,Woodgate,Charlottesville
BS22452177384,Stonebridge,Ellington
BS52316483082,Romig Court,Anchorage
BS72385412771,Residences at the Street,Washington
BS63547174614,ReNew Eagle River,Eagle River
BS73641285281,Pinney Brook,Ellington
BS29909854896,Oak Park Solvang,Solvang
BS87421940678,Meadows,Weatogue
BS81917876074,Maurice Dear,Portland
BS67836551890,Mason Street Townhomes,Grand Rapids
BS20747190757,Manchester Green,Manchester
BS24614155401,Mallory Ridge,Bloomfield
BS77962985404,Lofts at 335,Stratford
BS43395083062,Kings Court,Anchorage
BS73312889321,Jeffersonian,Charlottesville
BS15383263534,Greenwood Commons,Worcester
BS79969247561,Gaar Scott Historic Lofts,Minneapolis
BS09790880177,Fox Hill Commons,Vernon
BS43422083277,Fort Collier Terrace,Winchester
BS47570405595,Flats at Southside,Pittsburgh
BS24049095763,Fay Street Apartments,Winchester
BS78519511598,Charles Drive,Manchester
BS27624801662,Canal Place,Weatogue
BS60223549657,Bryant at Oak Park,OakPark