{
  "Name": "Get Facebook Rotators & Scrapers",
  "CreationDate": "2023-8-8",
  "Commands": [
    {
      "Command": "comment",
      "Target": "executeScript_Sandbox // return 1;",
      "Value": "dd",
      "Description": ""
    },
    {
      "Command": "comment",
      "Target": "executeScript_Sandbox // return 2;",
      "Value": "li",
      "Description": ""
    },
    {
      "Command": "comment",
      "Target": "executeScript_Sandbox // return 'https://www.facebook.com/citiparknd/?ref=page_internal';",
      "Value": "url",
      "Description": ""
    },
    {
      "Command": "selectWindow",
      "Target": "tab=1",
      "Value": "",
      "Description": ""
    },
    {
      "Command": "executeScript_Sandbox",
      "Target": "return ${url}.match(/www\\..*/)[0];",
      "Value": "url",
      "Description": ""
    },
    {
      "Command": "open",
      "Target": "https://${url}",
      "Value": "",
      "Description": ""
    },
    {
      "Command": "storeText",
      "Target": "linkText=Reviews",
      "Value": "text",
      "Description": ""
    },
    {
      "Command": "if",
      "Target": "${text} != \"#LNF\"",
      "Value": "",
      "Description": ""
    },
    {
      "Command": "comment",
      "Target": "Add row",
      "Value": "",
      "Description": ""
    },
    {
      "Command": "selectWindow",
      "Target": "tab=0",
      "Value": "",
      "Description": ""
    },
    {
      "Command": "click",
      "Target": "xpath=/html/body/div[12]/div[11]/crm-create-entity/form/crm-create-layout/div[2]/crm-create-sections[17]/div/div/crm-create-subformsection/div[2]/div[1]/div[2]/lyte-button/button",
      "Value": "",
      "Description": ""
    },
    {
      "Command": "comment",
      "Target": "Select platform name & status",
      "Value": "",
      "Description": ""
    },
    {
      "Command": "click",
      "Target": "xpath=/html/body/div[12]/div[11]/crm-create-entity/form/crm-create-layout/div[2]/crm-create-sections[17]/div/div/crm-create-subformsection/div[2]/div[1]/div[1]/lyte-table/div[1]/lyte-yield/lyte-table-structure/lyte-tbody/lyte-tr[${li}]/lyte-td[2]/crm-create-subformfields/div/lyte-dropdown/div[1]/lyte-drop-button/span",
      "Value": "",
      "Description": ""
    },
    {
      "Command": "click",
      "Target": "xpath=/html/body/lyte-drop-box[${dd}]/lyte-drop-body/lyte-drop-item[3]",
      "Value": "",
      "Description": ""
    },
    {
      "Command": "executeScript_Sandbox",
      "Target": "return ${dd} + 1;",
      "Value": "dd",
      "Description": ""
    },
    {
      "Command": "click",
      "Target": "xpath=/html/body/div[12]/div[11]/crm-create-entity/form/crm-create-layout/div[2]/crm-create-sections[17]/div/div/crm-create-subformsection/div[2]/div[1]/div[1]/lyte-table/div[1]/lyte-yield/lyte-table-structure/lyte-tbody/lyte-tr[${li}]/lyte-td[9]/crm-create-subformfields/div/lyte-dropdown/div[1]/lyte-drop-button/span",
      "Value": "",
      "Description": ""
    },
    {
      "Command": "click",
      "Target": "xpath=/html/body/lyte-drop-box[${dd}]/lyte-drop-body/lyte-drop-item[4]",
      "Value": "",
      "Description": ""
    },
    {
      "Command": "executeScript_Sandbox",
      "Target": "return ${dd} + 1;",
      "Value": "dd",
      "Description": ""
    },
    {
      "Command": "comment",
      "Target": "Proceed to Facebook page",
      "Value": "",
      "Description": ""
    },
    {
      "Command": "selectWindow",
      "Target": "tab=1",
      "Value": "",
      "Description": ""
    },
    {
      "Command": "click",
      "Target": "linkText=Reviews",
      "Value": "",
      "Description": ""
    },
    {
      "Command": "executeScript_Sandbox",
      "Target": "return ${!URL};",
      "Value": "fbscraper",
      "Description": ""
    },
    {
      "Command": "comment",
      "Target": "Grab rating data",
      "Value": "",
      "Description": ""
    },
    {
      "Command": "storeText",
      "Target": "xpath=/html/body/div[1]/div[1]/div[1]/div/div[3]/div/div/div/div[1]/div[1]/div/div/div[4]/div/div/div/div[1]/div[2]/div/div/div[1]/div/div/h2/span",
      "Value": "ratingreviews",
      "Description": ""
    },
    {
      "Command": "if_v2",
      "Target": "${ratingreviews} == '#LNF'",
      "Value": "",
      "Description": ""
    },
    {
      "Command": "storeText",
      "Target": "xpath=/html/body/div[1]/div/div[1]/div/div[3]/div/div/div/div[1]/div[1]/div[1]/div[2]/div/div/div/div[2]/div/div/div[2]/span/span",
      "Value": "ratingreviews",
      "Description": ""
    },
    {
      "Command": "executeScript_Sandbox",
      "Target": "return /[0-9]/.test(${ratingreviews});",
      "Value": "hasNumbers",
      "Description": ""
    },
    {
      "Command": "if_v2",
      "Target": "!${hasNumbers}",
      "Value": "",
      "Description": ""
    },
    {
      "Command": "executeScript_Sandbox",
      "Target": "return 0;",
      "Value": "fbreviews",
      "Description": ""
    },
    {
      "Command": "executeScript_Sandbox",
      "Target": "return 0;",
      "Value": "fbrating",
      "Description": ""
    },
    {
      "Command": "else",
      "Target": "",
      "Value": "",
      "Description": ""
    },
    {
      "Command": "executeScript_Sandbox",
      "Target": "x = ${ratingreviews}\nx = x.split('\\n')[3];\nreturn x.split(' ');",
      "Value": "ratingreviews",
      "Description": ""
    },
    {
      "Command": "executeScript_Sandbox",
      "Target": "return ${ratingreviews}[0];",
      "Value": "fbrating",
      "Description": ""
    },
    {
      "Command": "executeScript_Sandbox",
      "Target": "return ${ratingreviews}[1];",
      "Value": "fbreviews",
      "Description": ""
    },
    {
      "Command": "end",
      "Target": "",
      "Value": "",
      "Description": ""
    },
    {
      "Command": "else",
      "Target": "",
      "Value": "",
      "Description": ""
    },
    {
      "Command": "executeScript_Sandbox",
      "Target": "x = ${ratingreviews}.replace('(','');\nx = x.replace('(','');\nreturn x.split(' ');",
      "Value": "ratingreviews",
      "Description": ""
    },
    {
      "Command": "if_v2",
      "Target": "${ratingreviews}[0] == 'Not'",
      "Value": "",
      "Description": ""
    },
    {
      "Command": "executeScript_Sandbox",
      "Target": "return 0;",
      "Value": "fbrating",
      "Description": ""
    },
    {
      "Command": "executeScript_Sandbox",
      "Target": "return ${ratingreviews}[3];",
      "Value": "fbreviews",
      "Description": ""
    },
    {
      "Command": "else",
      "Target": "",
      "Value": "",
      "Description": ""
    },
    {
      "Command": "executeScript_Sandbox",
      "Target": "return ${ratingreviews}[2];",
      "Value": "fbrating",
      "Description": ""
    },
    {
      "Command": "executeScript_Sandbox",
      "Target": "return ${ratingreviews}[3];",
      "Value": "fbreviews",
      "Description": ""
    },
    {
      "Command": "end",
      "Target": "",
      "Value": "",
      "Description": ""
    },
    {
      "Command": "end",
      "Target": "",
      "Value": "",
      "Description": ""
    },
    {
      "Command": "comment",
      "Target": "return to Zoho to put in the info",
      "Value": "",
      "Description": ""
    },
    {
      "Command": "selectWindow",
      "Target": "tab=0",
      "Value": "",
      "Description": ""
    },
    {
      "Command": "type",
      "Target": "xpath=/html/body/div[12]/div[11]/crm-create-entity/form/crm-create-layout/div[2]/crm-create-sections[17]/div/div/crm-create-subformsection/div[2]/div[1]/div[1]/lyte-table/div[1]/lyte-yield/lyte-table-structure/lyte-tbody/lyte-tr[${li}]/lyte-td[3]/crm-create-subformfields/lyte-input/div/input",
      "Value": "${fbreviews}",
      "Description": ""
    },
    {
      "Command": "type",
      "Target": "xpath=/html/body/div[12]/div[11]/crm-create-entity/form/crm-create-layout/div[2]/crm-create-sections[17]/div/div/crm-create-subformsection/div[2]/div[1]/div[1]/lyte-table/div[1]/lyte-yield/lyte-table-structure/lyte-tbody/lyte-tr[${li}]/lyte-td[4]/crm-create-subformfields/lyte-input/div/input",
      "Value": "${fbrating}",
      "Description": ""
    },
    {
      "Command": "type",
      "Target": "xpath=/html/body/div[12]/div[11]/crm-create-entity/form/crm-create-layout/div[2]/crm-create-sections[17]/div/div/crm-create-subformsection/div[2]/div[1]/div[1]/lyte-table/div[1]/lyte-yield/lyte-table-structure/lyte-tbody/lyte-tr[${li}]/lyte-td[7]/crm-create-subformfields/lyte-input/div/input",
      "Value": "${fbscraper}",
      "Description": ""
    },
    {
      "Command": "type",
      "Target": "xpath=/html/body/div[12]/div[11]/crm-create-entity/form/crm-create-layout/div[2]/crm-create-sections[17]/div/div/crm-create-subformsection/div[2]/div[1]/div[1]/lyte-table/div[1]/lyte-yield/lyte-table-structure/lyte-tbody/lyte-tr[${li}]/lyte-td[8]/crm-create-subformfields/lyte-input/div/input",
      "Value": "${fbscraper}",
      "Description": ""
    },
    {
      "Command": "executeScript_Sandbox",
      "Target": "return ${li} + 1;",
      "Value": "li",
      "Description": ""
    },
    {
      "Command": "end",
      "Target": "",
      "Value": "",
      "Description": ""
    }
  ]
}