{
  "Name": "Get Apartments.com Rotators & Scrapers",
  "CreationDate": "2023-8-8",
  "Commands": [
    {
      "Command": "comment",
      "Target": "executeScript_Sandbox // return 1;",
      "Value": "dd",
      "Description": ""
    },
    {
      "Command": "comment",
      "Target": "executeScript_Sandbox // return 2;",
      "Value": "li",
      "Description": ""
    },
    {
      "Command": "comment",
      "Target": "executeScript_Sandbox // return 'https://www.apartments.com/optima-lakeview-chicago-il/tfm2hnc/';",
      "Value": "url",
      "Description": ""
    },
    {
      "Command": "comment",
      "Target": "Add row",
      "Value": "",
      "Description": ""
    },
    {
      "Command": "click",
      "Target": "xpath=/html/body/div[12]/div[11]/crm-create-entity/form/crm-create-layout/div[2]/crm-create-sections[17]/div/div/crm-create-subformsection/div[2]/div[1]/div[2]/lyte-button/button",
      "Value": "",
      "Description": ""
    },
    {
      "Command": "comment",
      "Target": "Select platform name & status",
      "Value": "",
      "Description": ""
    },
    {
      "Command": "click",
      "Target": "xpath=/html/body/div[12]/div[11]/crm-create-entity/form/crm-create-layout/div[2]/crm-create-sections[17]/div/div/crm-create-subformsection/div[2]/div[1]/div[1]/lyte-table/div[1]/lyte-yield/lyte-table-structure/lyte-tbody/lyte-tr[${li}]/lyte-td[2]/crm-create-subformfields/div/lyte-dropdown/div[1]/lyte-drop-button/span",
      "Value": "",
      "Description": ""
    },
    {
      "Command": "click",
      "Target": "xpath=/html/body/lyte-drop-box[${dd}]/lyte-drop-body/lyte-drop-item[6]",
      "Value": "",
      "Description": ""
    },
    {
      "Command": "executeScript_Sandbox",
      "Target": "return ${dd} + 1;",
      "Value": "dd",
      "Description": ""
    },
    {
      "Command": "click",
      "Target": "xpath=/html/body/div[12]/div[11]/crm-create-entity/form/crm-create-layout/div[2]/crm-create-sections[17]/div/div/crm-create-subformsection/div[2]/div[1]/div[1]/lyte-table/div[1]/lyte-yield/lyte-table-structure/lyte-tbody/lyte-tr[${li}]/lyte-td[9]/crm-create-subformfields/div/lyte-dropdown/div[1]/lyte-drop-button/span",
      "Value": "",
      "Description": ""
    },
    {
      "Command": "click",
      "Target": "xpath=/html/body/lyte-drop-box[${dd}]/lyte-drop-body/lyte-drop-item[4]",
      "Value": "",
      "Description": ""
    },
    {
      "Command": "executeScript_Sandbox",
      "Target": "return ${dd} + 1;",
      "Value": "dd",
      "Description": ""
    },
    {
      "Command": "comment",
      "Target": "Proceed to apartments.com profile",
      "Value": "",
      "Description": ""
    },
    {
      "Command": "selectWindow",
      "Target": "tab=1",
      "Value": "",
      "Description": ""
    },
    {
      "Command": "executeScript_Sandbox",
      "Target": "return ${url}.match(/www\\..*/)[0];",
      "Value": "url",
      "Description": ""
    },
    {
      "Command": "open",
      "Target": "https://${url}",
      "Value": "",
      "Description": ""
    },
    {
      "Command": "comment",
      "Target": "Grab ratings data",
      "Value": "",
      "Description": ""
    },
    {
      "Command": "executeScript_Sandbox",
      "Target": "return ${!URL};",
      "Value": "aptscraper",
      "Description": ""
    },
    {
      "Command": "open",
      "Target": "${!URL}#reviewsWrapper",
      "Value": "",
      "Description": ""
    },
    {
      "Command": "executeScript_Sandbox",
      "Target": "return ${!URL};",
      "Value": "aptrotator",
      "Description": ""
    },
    {
      "Command": "storeText",
      "Target": "xpath=//*[@id=\"reviewsWrapper\"]/div[3]/div/div[2]/div/p",
      "Value": "aptrating",
      "Description": ""
    },
    {
      "Command": "executeScript_Sandbox",
      "Target": "x = ${aptrating}.split(' ');\nreturn x[0];",
      "Value": "aptrating",
      "Description": ""
    },
    {
      "Command": "storeText",
      "Target": "xpath=//*[@id=\"reviewsWrapper\"]/div[3]/div/div[2]/div/p[2]",
      "Value": "aptreviews",
      "Description": ""
    },
    {
      "Command": "executeScript_Sandbox",
      "Target": "x = ${aptreviews}.split(' ');\nreturn x[0];",
      "Value": "aptreviews",
      "Description": ""
    },
    {
      "Command": "if_v2",
      "Target": "${aptrating} == \"No\"",
      "Value": "",
      "Description": ""
    },
    {
      "Command": "executeScript_Sandbox",
      "Target": "return 0;",
      "Value": "aptreviews",
      "Description": ""
    },
    {
      "Command": "executeScript_Sandbox",
      "Target": "return 0;",
      "Value": "aptrating",
      "Description": ""
    },
    {
      "Command": "end",
      "Target": "",
      "Value": "",
      "Description": ""
    },
    {
      "Command": "comment",
      "Target": "return to Zoho to put in the info",
      "Value": "",
      "Description": ""
    },
    {
      "Command": "selectWindow",
      "Target": "tab=0",
      "Value": "",
      "Description": ""
    },
    {
      "Command": "type",
      "Target": "xpath=/html/body/div[12]/div[11]/crm-create-entity/form/crm-create-layout/div[2]/crm-create-sections[17]/div/div/crm-create-subformsection/div[2]/div[1]/div[1]/lyte-table/div[1]/lyte-yield/lyte-table-structure/lyte-tbody/lyte-tr[${li}]/lyte-td[3]/crm-create-subformfields/lyte-input/div/input",
      "Value": "${aptreviews}",
      "Description": ""
    },
    {
      "Command": "type",
      "Target": "xpath=/html/body/div[12]/div[11]/crm-create-entity/form/crm-create-layout/div[2]/crm-create-sections[17]/div/div/crm-create-subformsection/div[2]/div[1]/div[1]/lyte-table/div[1]/lyte-yield/lyte-table-structure/lyte-tbody/lyte-tr[${li}]/lyte-td[4]/crm-create-subformfields/lyte-input/div/input",
      "Value": "${aptrating}",
      "Description": ""
    },
    {
      "Command": "type",
      "Target": "xpath=/html/body/div[12]/div[11]/crm-create-entity/form/crm-create-layout/div[2]/crm-create-sections[17]/div/div/crm-create-subformsection/div[2]/div[1]/div[1]/lyte-table/div[1]/lyte-yield/lyte-table-structure/lyte-tbody/lyte-tr[${li}]/lyte-td[7]/crm-create-subformfields/lyte-input/div/input",
      "Value": "${aptrotator}",
      "Description": ""
    },
    {
      "Command": "type",
      "Target": "xpath=/html/body/div[12]/div[11]/crm-create-entity/form/crm-create-layout/div[2]/crm-create-sections[17]/div/div/crm-create-subformsection/div[2]/div[1]/div[1]/lyte-table/div[1]/lyte-yield/lyte-table-structure/lyte-tbody/lyte-tr[${li}]/lyte-td[8]/crm-create-subformfields/lyte-input/div/input",
      "Value": "${aptscraper}",
      "Description": ""
    },
    {
      "Command": "executeScript_Sandbox",
      "Target": "return ${li} + 1;",
      "Value": "li",
      "Description": ""
    }
  ]
}