{
  "Name": "Get Apartment Ratings Rotators & Scrapers",
  "CreationDate": "2023-8-8",
  "Commands": [
    {
      "Command": "comment",
      "Target": "executeScript_Sandbox // return 1;",
      "Value": "dd",
      "Description": ""
    },
    {
      "Command": "comment",
      "Target": "executeScript_Sandbox // return 2;",
      "Value": "li",
      "Description": ""
    },
    {
      "Command": "comment",
      "Target": "executeScript_Sandbox // return 'https://www.apartmentratings.com/mn/duluth/edgewood-apartments_9199332346275189793/';",
      "Value": "url",
      "Description": ""
    },
    {
      "Command": "comment",
      "Target": "Add row",
      "Value": "",
      "Description": ""
    },
    {
      "Command": "click",
      "Target": "xpath=/html/body/div[12]/div[11]/crm-create-entity/form/crm-create-layout/div[2]/crm-create-sections[17]/div/div/crm-create-subformsection/div[2]/div[1]/div[2]/lyte-button/button",
      "Value": "",
      "Description": ""
    },
    {
      "Command": "comment",
      "Target": "Select platform name & status",
      "Value": "",
      "Description": ""
    },
    {
      "Command": "click",
      "Target": "xpath=/html/body/div[12]/div[11]/crm-create-entity/form/crm-create-layout/div[2]/crm-create-sections[17]/div/div/crm-create-subformsection/div[2]/div[1]/div[1]/lyte-table/div[1]/lyte-yield/lyte-table-structure/lyte-tbody/lyte-tr[${li}]/lyte-td[2]/crm-create-subformfields/div/lyte-dropdown/div[1]/lyte-drop-button/span",
      "Value": "",
      "Description": ""
    },
    {
      "Command": "click",
      "Target": "xpath=/html/body/lyte-drop-box[${dd}]/lyte-drop-body/lyte-drop-item[5]",
      "Value": "",
      "Description": ""
    },
    {
      "Command": "executeScript_Sandbox",
      "Target": "return ${dd} + 1;",
      "Value": "dd",
      "Description": ""
    },
    {
      "Command": "click",
      "Target": "xpath=/html/body/div[12]/div[11]/crm-create-entity/form/crm-create-layout/div[2]/crm-create-sections[17]/div/div/crm-create-subformsection/div[2]/div[1]/div[1]/lyte-table/div[1]/lyte-yield/lyte-table-structure/lyte-tbody/lyte-tr[${li}]/lyte-td[9]/crm-create-subformfields/div/lyte-dropdown/div[1]/lyte-drop-button/span",
      "Value": "",
      "Description": ""
    },
    {
      "Command": "click",
      "Target": "xpath=/html/body/lyte-drop-box[${dd}]/lyte-drop-body/lyte-drop-item[4]",
      "Value": "",
      "Description": ""
    },
    {
      "Command": "executeScript_Sandbox",
      "Target": "return ${dd} + 1;",
      "Value": "dd",
      "Description": ""
    },
    {
      "Command": "comment",
      "Target": "Proceed to apartment ratings profile",
      "Value": "",
      "Description": ""
    },
    {
      "Command": "selectWindow",
      "Target": "tab=1",
      "Value": "",
      "Description": ""
    },
    {
      "Command": "executeScript_Sandbox",
      "Target": "return ${url}.match(/www\\..*/)[0];",
      "Value": "url",
      "Description": ""
    },
    {
      "Command": "open",
      "Target": "https://${url}",
      "Value": "",
      "Description": ""
    },
    {
      "Command": "executeScript_Sandbox",
      "Target": "return ${!URL};",
      "Value": "aptratscraper",
      "Description": ""
    },
    {
      "Command": "storeText",
      "Target": "xpath=//*[@id=\"ratingsReviews\"]/div/div[4]/div",
      "Value": "aptratreviews",
      "Description": ""
    },
    {
      "Command": "executeScript_Sandbox",
      "Target": "x = ${aptratreviews};\nx = x.replace('(','');\nx = x.replace(')','');\nx = x.split('\\n');\nreturn x[1];",
      "Value": "aptratreviews",
      "Description": ""
    },
    {
      "Command": "if_v2",
      "Target": "${aptratreviews} == 0",
      "Value": "",
      "Description": ""
    },
    {
      "Command": "executeScript_Sandbox",
      "Target": "return 0;",
      "Value": "aptratrating",
      "Description": ""
    },
    {
      "Command": "else",
      "Target": "",
      "Value": "",
      "Description": ""
    },
    {
      "Command": "sourceExtract",
      "Target": "regex=\"ratingValue\":[0-9]\\.?[0-9]?,",
      "Value": "aptratrating",
      "Description": ""
    },
    {
      "Command": "executeScript_Sandbox",
      "Target": "return ${aptratrating}.match(/[0-9]\\.?[0-9]?/)[0]",
      "Value": "aptratrating",
      "Description": ""
    },
    {
      "Command": "end",
      "Target": "",
      "Value": "",
      "Description": ""
    },
    {
      "Command": "clickAndWait",
      "Target": "xpath=//*[@id=\"overview-writeReview\"]/button/span",
      "Value": "",
      "Description": ""
    },
    {
      "Command": "executeScript_Sandbox",
      "Target": "return ${!URL};",
      "Value": "aptratrotator",
      "Description": ""
    },
    {
      "Command": "comment",
      "Target": "return to Zoho to put in the info",
      "Value": "",
      "Description": ""
    },
    {
      "Command": "selectWindow",
      "Target": "tab=0",
      "Value": "",
      "Description": ""
    },
    {
      "Command": "type",
      "Target": "xpath=/html/body/div[12]/div[11]/crm-create-entity/form/crm-create-layout/div[2]/crm-create-sections[17]/div/div/crm-create-subformsection/div[2]/div[1]/div[1]/lyte-table/div[1]/lyte-yield/lyte-table-structure/lyte-tbody/lyte-tr[${li}]/lyte-td[3]/crm-create-subformfields/lyte-input/div/input",
      "Value": "${aptratreviews}",
      "Description": ""
    },
    {
      "Command": "type",
      "Target": "xpath=/html/body/div[12]/div[11]/crm-create-entity/form/crm-create-layout/div[2]/crm-create-sections[17]/div/div/crm-create-subformsection/div[2]/div[1]/div[1]/lyte-table/div[1]/lyte-yield/lyte-table-structure/lyte-tbody/lyte-tr[${li}]/lyte-td[4]/crm-create-subformfields/lyte-input/div/input",
      "Value": "${aptratrating}",
      "Description": ""
    },
    {
      "Command": "type",
      "Target": "xpath=/html/body/div[12]/div[11]/crm-create-entity/form/crm-create-layout/div[2]/crm-create-sections[17]/div/div/crm-create-subformsection/div[2]/div[1]/div[1]/lyte-table/div[1]/lyte-yield/lyte-table-structure/lyte-tbody/lyte-tr[${li}]/lyte-td[7]/crm-create-subformfields/lyte-input/div/input",
      "Value": "${aptratrotator}",
      "Description": ""
    },
    {
      "Command": "type",
      "Target": "xpath=/html/body/div[12]/div[11]/crm-create-entity/form/crm-create-layout/div[2]/crm-create-sections[17]/div/div/crm-create-subformsection/div[2]/div[1]/div[1]/lyte-table/div[1]/lyte-yield/lyte-table-structure/lyte-tbody/lyte-tr[${li}]/lyte-td[8]/crm-create-subformfields/lyte-input/div/input",
      "Value": "${aptratscraper}",
      "Description": ""
    },
    {
      "Command": "executeScript_Sandbox",
      "Target": "return ${li} + 1;",
      "Value": "li",
      "Description": ""
    }
  ]
}