{
  "Name": "Get Yelp Rotators & Scrapers",
  "CreationDate": "2023-8-8",
  "Commands": [
    {
      "Command": "comment",
      "Target": "executeScript_Sandbox // return 1;",
      "Value": "dd",
      "Description": ""
    },
    {
      "Command": "comment",
      "Target": "executeScript_Sandbox // return 2;",
      "Value": "li",
      "Description": ""
    },
    {
      "Command": "comment",
      "Target": "executeScript_Sandbox // return 'https://www.yelp.com/biz/optima-sonoran-village-scottsdale';",
      "Value": "url",
      "Description": ""
    },
    {
      "Command": "comment",
      "Target": "Add row",
      "Value": "",
      "Description": ""
    },
    {
      "Command": "click",
      "Target": "xpath=/html/body/div[12]/div[11]/crm-create-entity/form/crm-create-layout/div[2]/crm-create-sections[17]/div/div/crm-create-subformsection/div[2]/div[1]/div[2]/lyte-button/button",
      "Value": "",
      "Description": ""
    },
    {
      "Command": "comment",
      "Target": "Select platform name & status",
      "Value": "",
      "Description": ""
    },
    {
      "Command": "click",
      "Target": "xpath=/html/body/div[12]/div[11]/crm-create-entity/form/crm-create-layout/div[2]/crm-create-sections[17]/div/div/crm-create-subformsection/div[2]/div[1]/div[1]/lyte-table/div[1]/lyte-yield/lyte-table-structure/lyte-tbody/lyte-tr[${li}]/lyte-td[2]/crm-create-subformfields/div/lyte-dropdown/div[1]/lyte-drop-button/span",
      "Value": "",
      "Description": ""
    },
    {
      "Command": "click",
      "Target": "xpath=/html/body/lyte-drop-box[${dd}]/lyte-drop-body/lyte-drop-item[4]",
      "Value": "",
      "Description": ""
    },
    {
      "Command": "executeScript_Sandbox",
      "Target": "return ${dd} + 1;",
      "Value": "dd",
      "Description": ""
    },
    {
      "Command": "click",
      "Target": "xpath=/html/body/div[12]/div[11]/crm-create-entity/form/crm-create-layout/div[2]/crm-create-sections[17]/div/div/crm-create-subformsection/div[2]/div[1]/div[1]/lyte-table/div[1]/lyte-yield/lyte-table-structure/lyte-tbody/lyte-tr[${li}]/lyte-td[9]/crm-create-subformfields/div/lyte-dropdown/div[1]/lyte-drop-button/span",
      "Value": "",
      "Description": ""
    },
    {
      "Command": "click",
      "Target": "xpath=/html/body/lyte-drop-box[${dd}]/lyte-drop-body/lyte-drop-item[4]",
      "Value": "",
      "Description": ""
    },
    {
      "Command": "executeScript_Sandbox",
      "Target": "return ${dd} + 1;",
      "Value": "dd",
      "Description": ""
    },
    {
      "Command": "comment",
      "Target": "Proceed to yelp profile",
      "Value": "",
      "Description": ""
    },
    {
      "Command": "selectWindow",
      "Target": "tab=1",
      "Value": "",
      "Description": ""
    },
    {
      "Command": "executeScript_Sandbox",
      "Target": "return ${url}.match(/www\\..*/)[0];",
      "Value": "url",
      "Description": ""
    },
    {
      "Command": "open",
      "Target": "https://${url}",
      "Value": "",
      "Description": ""
    },
    {
      "Command": "comment",
      "Target": "Save URL to scraper",
      "Value": "",
      "Description": ""
    },
    {
      "Command": "executeScript_Sandbox",
      "Target": "return ${!URL};",
      "Value": "yelpscraper",
      "Description": ""
    },
    {
      "Command": "comment",
      "Target": "Gather rating data",
      "Value": "",
      "Description": ""
    },
    {
      "Command": "storeAttribute",
      "Target": "xpath=/html/body/yelp-react-root/div[1]/div[3]/div[1]/div[1]/div/div/div[2]/div[1]/span/div@aria-label",
      "Value": "yelprating",
      "Description": ""
    },
    {
      "Command": "executeScript_Sandbox",
      "Target": "return ${yelprating}.split(' ');",
      "Value": "yelprating",
      "Description": ""
    },
    {
      "Command": "executeScript_Sandbox",
      "Target": "return ${yelprating}[0];",
      "Value": "yelprating",
      "Description": ""
    },
    {
      "Command": "storeText",
      "Target": "xpath=/html/body/yelp-react-root/div[1]/div[3]/div[1]/div[1]/div/div/div[2]/div[2]/span/a",
      "Value": "yelpreviews",
      "Description": ""
    },
    {
      "Command": "executeScript_Sandbox",
      "Target": "x = ${yelpreviews}.split(' ');\nreturn x[0];",
      "Value": "yelpreviews",
      "Description": ""
    },
    {
      "Command": "if_v2",
      "Target": "${yelpreviews} == '#LNF'",
      "Value": "",
      "Description": ""
    },
    {
      "Command": "executeScript_Sandbox",
      "Target": "return 0;",
      "Value": "yelprating",
      "Description": ""
    },
    {
      "Command": "executeScript_Sandbox",
      "Target": "return 0;",
      "Value": "yelpreviews",
      "Description": ""
    },
    {
      "Command": "end",
      "Target": "",
      "Value": "",
      "Description": ""
    },
    {
      "Command": "comment",
      "Target": "Click write a review to grab rotator",
      "Value": "",
      "Description": ""
    },
    {
      "Command": "clickAndWait",
      "Target": "xpath=//*[@id=\"main-content\"]/div/div/a/div/div[2]/span",
      "Value": "",
      "Description": ""
    },
    {
      "Command": "executeScript_Sandbox",
      "Target": "return ${!URL};",
      "Value": "yelprotator",
      "Description": ""
    },
    {
      "Command": "comment",
      "Target": "return to Zoho to put in the info",
      "Value": "",
      "Description": ""
    },
    {
      "Command": "selectWindow",
      "Target": "tab=0",
      "Value": "",
      "Description": ""
    },
    {
      "Command": "type",
      "Target": "xpath=/html/body/div[12]/div[11]/crm-create-entity/form/crm-create-layout/div[2]/crm-create-sections[17]/div/div/crm-create-subformsection/div[2]/div[1]/div[1]/lyte-table/div[1]/lyte-yield/lyte-table-structure/lyte-tbody/lyte-tr[${li}]/lyte-td[3]/crm-create-subformfields/lyte-input/div/input",
      "Value": "${yelpreviews}",
      "Description": ""
    },
    {
      "Command": "type",
      "Target": "xpath=/html/body/div[12]/div[11]/crm-create-entity/form/crm-create-layout/div[2]/crm-create-sections[17]/div/div/crm-create-subformsection/div[2]/div[1]/div[1]/lyte-table/div[1]/lyte-yield/lyte-table-structure/lyte-tbody/lyte-tr[${li}]/lyte-td[4]/crm-create-subformfields/lyte-input/div/input",
      "Value": "${yelprating}",
      "Description": ""
    },
    {
      "Command": "type",
      "Target": "xpath=/html/body/div[12]/div[11]/crm-create-entity/form/crm-create-layout/div[2]/crm-create-sections[17]/div/div/crm-create-subformsection/div[2]/div[1]/div[1]/lyte-table/div[1]/lyte-yield/lyte-table-structure/lyte-tbody/lyte-tr[${li}]/lyte-td[7]/crm-create-subformfields/lyte-input/div/input",
      "Value": "${yelprotator}",
      "Description": ""
    },
    {
      "Command": "type",
      "Target": "xpath=/html/body/div[12]/div[11]/crm-create-entity/form/crm-create-layout/div[2]/crm-create-sections[17]/div/div/crm-create-subformsection/div[2]/div[1]/div[1]/lyte-table/div[1]/lyte-yield/lyte-table-structure/lyte-tbody/lyte-tr[${li}]/lyte-td[8]/crm-create-subformfields/lyte-input/div/input",
      "Value": "${yelpscraper}",
      "Description": ""
    },
    {
      "Command": "executeScript_Sandbox",
      "Target": "return ${li} + 1;",
      "Value": "li",
      "Description": ""
    }
  ]
}