{
  "Name": "Implement Onboarding Spreadsheet v2",
  "CreationDate": "2023-8-8",
  "Commands": [
    {
      "Command": "comment",
      "Target": "Get file name",
      "Value": "",
      "Description": ""
    },
    {
      "Command": "prompt",
      "Target": "type in the file source@account.csv",
      "Value": "file",
      "Description": ""
    },
    {
      "Command": "csvReadArray",
      "Target": "${file}",
      "Value": "sheet",
      "Description": ""
    },
    {
      "Command": "executeScript_Sandbox",
      "Target": "return ${sheet}.slice(1);",
      "Value": "sheet",
      "Description": ""
    },
    {
      "Command": "comment",
      "Target": "For each line in spreadsheet",
      "Value": "",
      "Description": ""
    },
    {
      "Command": "forEach",
      "Target": "sheet",
      "Value": "line",
      "Description": ""
    },
    {
      "Command": "comment",
      "Target": "see if location is present in page",
      "Value": "",
      "Description": ""
    },
    {
      "Command": "storeText",
      "Target": "linkText=${line[0]}",
      "Value": "locationExists",
      "Description": ""
    },
    {
      "Command": "if_v2",
      "Target": "${locationExists} != \"#LNF\"",
      "Value": "",
      "Description": ""
    },
    {
      "Command": "comment",
      "Target": "if it exists, click and wait",
      "Value": "",
      "Description": ""
    },
    {
      "Command": "click",
      "Target": "linkText=${line[0]}",
      "Value": "",
      "Description": ""
    },
    {
      "Command": "pause",
      "Target": "750",
      "Value": "",
      "Description": ""
    },
    {
      "Command": "comment",
      "Target": "click edit and wait",
      "Value": "",
      "Description": ""
    },
    {
      "Command": "click",
      "Target": "id=editRecordbtn",
      "Value": "",
      "Description": ""
    },
    {
      "Command": "pause",
      "Target": "500",
      "Value": "",
      "Description": ""
    },
    {
      "Command": "comment",
      "Target": "determine valid urls",
      "Value": "",
      "Description": ""
    },
    {
      "Command": "executeScript_Sandbox",
      "Target": "return ${line}.slice(2)",
      "Value": "urls",
      "Description": ""
    },
    {
      "Command": "executeScript_Sandbox",
      "Target": "return [];",
      "Value": "valid_urls",
      "Description": ""
    },
    {
      "Command": "forEach",
      "Target": "urls",
      "Value": "url",
      "Description": ""
    },
    {
      "Command": "executeScript_Sandbox",
      "Target": "return /(yelp|facebook|apartments|apartmentratings)\\.com\\/.*/.test(${url});",
      "Value": "match",
      "Description": ""
    },
    {
      "Command": "if_v2",
      "Target": "${match}",
      "Value": "",
      "Description": ""
    },
    {
      "Command": "executeScript_Sandbox",
      "Target": "x = ${valid_urls};\nx.push(${url});\nreturn x;",
      "Value": "valid_urls",
      "Description": ""
    },
    {
      "Command": "end",
      "Target": "",
      "Value": "",
      "Description": ""
    },
    {
      "Command": "end",
      "Target": "",
      "Value": "",
      "Description": ""
    },
    {
      "Command": "comment",
      "Target": "Add all valid rotators and scrapers",
      "Value": "",
      "Description": ""
    },
    {
      "Command": "executeScript_Sandbox",
      "Target": "return 2;",
      "Value": "li",
      "Description": ""
    },
    {
      "Command": "executeScript_Sandbox",
      "Target": "return 1;",
      "Value": "dd",
      "Description": ""
    },
    {
      "Command": "forEach",
      "Target": "valid_urls",
      "Value": "url",
      "Description": ""
    },
    {
      "Command": "executeScript_Sandbox",
      "Target": "return ${url}.match(/yelp|facebook|apartments|apartmentratings/)[0];",
      "Value": "platform",
      "Description": ""
    },
    {
      "Command": "if_v2",
      "Target": "${platform} == 'yelp'",
      "Value": "",
      "Description": ""
    },
    {
      "Command": "run",
      "Target": "Get Yelp Rotators & Scrapers",
      "Value": "",
      "Description": ""
    },
    {
      "Command": "elseif",
      "Target": "${platform} == 'facebook'",
      "Value": "",
      "Description": ""
    },
    {
      "Command": "run",
      "Target": "Get Facebook Rotators & Scrapers",
      "Value": "",
      "Description": ""
    },
    {
      "Command": "elseif",
      "Target": "${platform} == 'apartments'",
      "Value": "",
      "Description": ""
    },
    {
      "Command": "run",
      "Target": "Get Apartments.com Rotators & Scrapers",
      "Value": "",
      "Description": ""
    },
    {
      "Command": "elseif",
      "Target": "${platform} == 'apartmentratings'",
      "Value": "",
      "Description": ""
    },
    {
      "Command": "run",
      "Target": "Get Apartment Ratings Rotators & Scrapers",
      "Value": "",
      "Description": ""
    },
    {
      "Command": "end",
      "Target": "",
      "Value": "",
      "Description": ""
    },
    {
      "Command": "end",
      "Target": "",
      "Value": "",
      "Description": ""
    },
    {
      "Command": "comment",
      "Target": "Save the changes",
      "Value": "",
      "Description": ""
    },
    {
      "Command": "click",
      "Target": "xpath=//*[@id=\"crm_create_savebutn\"]/lyte-yield",
      "Value": "",
      "Description": ""
    },
    {
      "Command": "pause",
      "Target": "750",
      "Value": "",
      "Description": ""
    },
    {
      "Command": "comment",
      "Target": "click Locations tab to return to list",
      "Value": "",
      "Description": ""
    },
    {
      "Command": "click",
      "Target": "linkText=Locations",
      "Value": "",
      "Description": ""
    },
    {
      "Command": "pause",
      "Target": "500",
      "Value": "",
      "Description": ""
    },
    {
      "Command": "comment",
      "Target": "if the location isn't found, display error",
      "Value": "",
      "Description": ""
    },
    {
      "Command": "else",
      "Target": "",
      "Value": "",
      "Description": ""
    },
    {
      "Command": "echo",
      "Target": "Could not find ${line[0]}.",
      "Value": "orange",
      "Description": ""
    },
    {
      "Command": "end",
      "Target": "",
      "Value": "",
      "Description": ""
    },
    {
      "Command": "end",
      "Target": "",
      "Value": "",
      "Description": ""
    }
  ]
}