{
  "Name": "General Feedback",
  "CreationDate": "2023-8-8",
  "Commands": [
    {
      "Command": "refresh",
      "Target": "",
      "Value": "",
      "Description": ""
    },
    {
      "Command": "executeScript_Sandbox",
      "Target": "return 3;",
      "Value": "dd",
      "Description": ""
    },
    {
      "Command": "comment",
      "Target": "click add campaign",
      "Value": "",
      "Description": ""
    },
    {
      "Command": "click",
      "Target": "xpath=//*[@id=\"app\"]/div[3]/div[2]/div/div/div[2]/button/span",
      "Value": "",
      "Description": ""
    },
    {
      "Command": "pause",
      "Target": "5000",
      "Value": "",
      "Description": ""
    },
    {
      "Command": "comment",
      "Target": "name campaign and select review request type",
      "Value": "",
      "Description": ""
    },
    {
      "Command": "type",
      "Target": "xpath=//*[@id=\"campaign-body-container\"]/div/div/div/form/div/div/div/div/div/div/div/input",
      "Value": "General Feedback",
      "Description": ""
    },
    {
      "Command": "click",
      "Target": "xpath=//*[@id=\"campaign-body-container\"]/div/div/div/form/div/div/div/div[3]/div/div/div/div/span/span/i",
      "Value": "",
      "Description": ""
    },
    {
      "Command": "click",
      "Target": "xpath=/html/body/div[${dd}]/div/div/ul/li/span",
      "Value": "",
      "Description": ""
    },
    {
      "Command": "executeScript_Sandbox",
      "Target": "return ${dd} + 1;",
      "Value": "dd",
      "Description": ""
    },
    {
      "Command": "comment",
      "Target": "make campaign automated",
      "Value": "",
      "Description": ""
    },
    {
      "Command": "click",
      "Target": "xpath=//*[@id=\"campaign-body-container\"]/div/div/div/form/div/div[2]/div/div[3]/div/div/div/div/input",
      "Value": "",
      "Description": ""
    },
    {
      "Command": "click",
      "Target": "xpath=/html/body/div[${dd}]/div/div/ul/li[4]",
      "Value": "",
      "Description": ""
    },
    {
      "Command": "executeScript_Sandbox",
      "Target": "return ${dd} + 1;",
      "Value": "dd",
      "Description": ""
    },
    {
      "Command": "comment",
      "Target": "make campaign quarterly recurring",
      "Value": "",
      "Description": ""
    },
    {
      "Command": "click",
      "Target": "xpath=//*[@id=\"campaign-body-container\"]/div/div/div/form/div/div[2]/div/div[4]/div[2]/div/span",
      "Value": "",
      "Description": ""
    },
    {
      "Command": "click",
      "Target": "xpath=//*[@id=\"campaign-body-container\"]/div/div/div/form/div/div[2]/div/div[5]/div/div/input",
      "Value": "",
      "Description": ""
    },
    {
      "Command": "click",
      "Target": "xpath=/html/body/div[${dd}]/div/div/ul/li",
      "Value": "",
      "Description": ""
    },
    {
      "Command": "executeScript_Sandbox",
      "Target": "return ${dd} + 1;",
      "Value": "dd",
      "Description": ""
    },
    {
      "Command": "click",
      "Target": "xpath=//*[@id=\"campaign-body-container\"]/div/div/div/form/div/div[2]/div/div[5]/div[2]/div/span/i",
      "Value": "",
      "Description": ""
    },
    {
      "Command": "type",
      "Target": "xpath=//*[@id=\"campaign-body-container\"]/div/div/div/form/div/div[2]/div/div[5]/div[2]/div/input",
      "Value": "2023-07-10",
      "Description": ""
    },
    {
      "Command": "comment",
      "Target": "add tag",
      "Value": "",
      "Description": ""
    },
    {
      "Command": "type",
      "Target": "xpath=//*[@id=\"campaign-body-container\"]/div/div/div/form/div/div[2]/div/div[5]/div[4]/div/div/input",
      "Value": "General Feedback",
      "Description": ""
    },
    {
      "Command": "comment",
      "Target": "add sentiment surveys",
      "Value": "",
      "Description": ""
    },
    {
      "Command": "click",
      "Target": "xpath=//*[@id=\"campaign-footer-container\"]/div/div/button[2]/span",
      "Value": "",
      "Description": ""
    },
    {
      "Command": "comment",
      "Target": "edit email and text",
      "Value": "",
      "Description": ""
    },
    {
      "Command": "storeText",
      "Target": "xpath=//*[@id=\"campaign-content-wrapper\"]/div[2]/div/span/div/span[3]/span[2]",
      "Value": "location",
      "Description": ""
    },
    {
      "Command": "executeScript_Sandbox",
      "Target": "return ${location}.split(\" - \")[0];",
      "Value": "location",
      "Description": ""
    },
    {
      "Command": "type",
      "Target": "xpath=//*[@id=\"campaign-body-container\"]/div/div/div[3]/form/div/div/div[2]/div[2]/div/div/input",
      "Value": "How Are We Doing?",
      "Description": ""
    },
    {
      "Command": "type",
      "Target": "xpath=//*[@id=\"campaign-body-container\"]/div/div/div[3]/form/div/div/div[2]/div[2]/div[2]/div/textarea",
      "Value": "Thank you so much for choosing ${location}! Your satisfaction is our top priority, and we'd love to hear from you. Please take a few seconds to let us know how we're doing. ",
      "Description": ""
    },
    {
      "Command": "click",
      "Target": "xpath=//*[@id=\"campaign-body-container\"]/div/div/div[3]/form/ul/li[2]",
      "Value": "",
      "Description": ""
    },
    {
      "Command": "type",
      "Target": "xpath=//*[@id=\"campaign-body-container\"]/div/div/div[3]/form/div/div/div[3]/div[2]/div/textarea",
      "Value": "Thank you so much for choosing ${location}! Please take a few seconds to tell us how we're doing. ",
      "Description": ""
    },
    {
      "Command": "click",
      "Target": "xpath=//*[@id=\"campaign-footer-container\"]/div/div/button[2]",
      "Value": "",
      "Description": ""
    },
    {
      "Command": "comment",
      "Target": "edit distribution",
      "Value": "",
      "Description": ""
    },
    {
      "Command": "click",
      "Target": "xpath=//*[@id=\"campaign-body-container\"]/div/div/div[4]/div/form/div/div/div/div/div/div/div/input",
      "Value": "",
      "Description": ""
    },
    {
      "Command": "click",
      "Target": "xpath=/html/body/div[7]/div/div/ul/li[11]",
      "Value": "",
      "Description": ""
    },
    {
      "Command": "click",
      "Target": "xpath=//*[@id=\"campaign-footer-container\"]/div/div/button[2]",
      "Value": "",
      "Description": ""
    },
    {
      "Command": "comment",
      "Target": "click complete",
      "Value": "",
      "Description": ""
    },
    {
      "Command": "click",
      "Target": "xpath=//*[@id=\"campaign-content-wrapper\"]/div[2]/div/div/button/span",
      "Value": "",
      "Description": ""
    }
  ]
}