{
  "Name": "Tour",
  "CreationDate": "2023-8-8",
  "Commands": [
    {
      "Command": "refresh",
      "Target": "",
      "Value": "",
      "Description": ""
    },
    {
      "Command": "executeScript_Sandbox",
      "Target": "return 3;",
      "Value": "dd",
      "Description": ""
    },
    {
      "Command": "comment",
      "Target": "click add campaign",
      "Value": "",
      "Description": ""
    },
    {
      "Command": "click",
      "Target": "xpath=//*[@id=\"app\"]/div[3]/div[2]/div/div/div[2]/button/span",
      "Value": "",
      "Description": ""
    },
    {
      "Command": "pause",
      "Target": "5000",
      "Value": "",
      "Description": ""
    },
    {
      "Command": "comment",
      "Target": "name campaign and select review request type",
      "Value": "",
      "Description": ""
    },
    {
      "Command": "type",
      "Target": "xpath=//*[@id=\"campaign-body-container\"]/div/div/div/form/div/div/div/div/div/div/div/input",
      "Value": "Tour",
      "Description": ""
    },
    {
      "Command": "click",
      "Target": "xpath=//*[@id=\"campaign-body-container\"]/div/div/div/form/div/div/div/div[3]/div/div/div/div/span/span/i",
      "Value": "",
      "Description": ""
    },
    {
      "Command": "click",
      "Target": "xpath=/html/body/div[${dd}]/div/div/ul/li/span",
      "Value": "",
      "Description": ""
    },
    {
      "Command": "executeScript_Sandbox",
      "Target": "return ${dd} + 1;",
      "Value": "dd",
      "Description": ""
    },
    {
      "Command": "comment",
      "Target": "make campaign automated",
      "Value": "",
      "Description": ""
    },
    {
      "Command": "click",
      "Target": "xpath=//*[@id=\"campaign-body-container\"]/div/div/div/form/div/div[2]/div/div[3]/div/div/div/div/input",
      "Value": "",
      "Description": ""
    },
    {
      "Command": "click",
      "Target": "xpath=/html/body/div[${dd}]/div/div/ul/li[4]",
      "Value": "",
      "Description": ""
    },
    {
      "Command": "executeScript_Sandbox",
      "Target": "return ${dd} + 1;",
      "Value": "dd",
      "Description": ""
    },
    {
      "Command": "comment",
      "Target": "add tag",
      "Value": "",
      "Description": ""
    },
    {
      "Command": "type",
      "Target": "xpath=//*[@id=\"campaign-body-container\"]/div/div/div/form/div/div[2]/div/div[5]/div[3]/div/div/input",
      "Value": "Tour",
      "Description": ""
    },
    {
      "Command": "comment",
      "Target": "add sentiment surveys",
      "Value": "",
      "Description": ""
    },
    {
      "Command": "executeScript_Sandbox",
      "Target": "return 12;",
      "Value": "p",
      "Description": ""
    },
    {
      "Command": "executeScript_Sandbox",
      "Target": "return 8;",
      "Value": "n",
      "Description": ""
    },
    {
      "Command": "click",
      "Target": "xpath=//*[@id=\"campaign-body-container\"]/div/div/div/form/div/div[2]/div/div[5]/div[5]/div[2]/div/span",
      "Value": "",
      "Description": ""
    },
    {
      "Command": "click",
      "Target": "xpath=//*[@id=\"campaign-body-container\"]/div/div/div[1]/form/div/div[2]/div/div[5]/div[5]/div[4]/div/div[2]/div[2]/div/div/input",
      "Value": "1",
      "Description": ""
    },
    {
      "Command": "click",
      "Target": "xpath=/html/body/div[${dd}]/div/div/ul/li[${n}]/span",
      "Value": "1",
      "Description": ""
    },
    {
      "Command": "executeScript_Sandbox",
      "Target": "return ${dd} + 1;",
      "Value": "dd",
      "Description": ""
    },
    {
      "Command": "click",
      "Target": "xpath=//*[@id=\"campaign-body-container\"]/div/div/div/form/div/div[2]/div/div[5]/div[5]/div[4]/div/div[2]/div[3]/div/div/input",
      "Value": "2",
      "Description": ""
    },
    {
      "Command": "click",
      "Target": "xpath=/html/body/div[${dd}]/div/div/ul/li[${n}]/span",
      "Value": "2",
      "Description": ""
    },
    {
      "Command": "executeScript_Sandbox",
      "Target": "return ${dd} + 1;",
      "Value": "dd",
      "Description": ""
    },
    {
      "Command": "click",
      "Target": "xpath=//*[@id=\"campaign-body-container\"]/div/div/div/form/div/div[2]/div/div[5]/div[5]/div[4]/div/div[2]/div[4]/div/div/input",
      "Value": "3",
      "Description": ""
    },
    {
      "Command": "click",
      "Target": "xpath=/html/body/div[${dd}]/div/div/ul/li[${p}]/span",
      "Value": "3",
      "Description": ""
    },
    {
      "Command": "executeScript_Sandbox",
      "Target": "return ${dd} + 1;",
      "Value": "dd",
      "Description": ""
    },
    {
      "Command": "click",
      "Target": "xpath=//*[@id=\"campaign-body-container\"]/div/div/div/form/div/div[2]/div/div[5]/div[5]/div[4]/div/div[2]/div[5]/div/div/input",
      "Value": "4",
      "Description": ""
    },
    {
      "Command": "click",
      "Target": "xpath=/html/body/div[${dd}]/div/div/ul/li[${p}]/span",
      "Value": "4",
      "Description": ""
    },
    {
      "Command": "executeScript_Sandbox",
      "Target": "return ${dd} + 1;",
      "Value": "dd",
      "Description": ""
    },
    {
      "Command": "click",
      "Target": "xpath=//*[@id=\"campaign-body-container\"]/div/div/div/form/div/div[2]/div/div[5]/div[5]/div[4]/div/div[2]/div[6]/div/div/input",
      "Value": "5",
      "Description": ""
    },
    {
      "Command": "click",
      "Target": "xpath=/html/body/div[${dd}]/div/div/ul/li[${p}]/span",
      "Value": "5",
      "Description": ""
    },
    {
      "Command": "executeScript_Sandbox",
      "Target": "return ${dd} + 1;",
      "Value": "dd",
      "Description": ""
    },
    {
      "Command": "click",
      "Target": "xpath=//*[@id=\"campaign-footer-container\"]/div/div/button[2]/span",
      "Value": "Next",
      "Description": ""
    },
    {
      "Command": "comment",
      "Target": "edit email and text",
      "Value": "",
      "Description": ""
    },
    {
      "Command": "storeText",
      "Target": "xpath=//*[@id=\"campaign-content-wrapper\"]/div[2]/div/span/div/span[3]/span[2]",
      "Value": "location",
      "Description": ""
    },
    {
      "Command": "executeScript_Sandbox",
      "Target": "return ${location}.split(\" - \")[0];",
      "Value": "location",
      "Description": ""
    },
    {
      "Command": "type",
      "Target": "xpath=//*[@id=\"campaign-body-container\"]/div/div/div[3]/form/div/div/div[2]/div[2]/div/div/input",
      "Value": "Thank You For Stopping By! ",
      "Description": ""
    },
    {
      "Command": "type",
      "Target": "xpath=//*[@id=\"campaign-body-container\"]/div/div/div[3]/form/div/div/div[2]/div[2]/div[2]/div/textarea",
      "Value": "Thank you for taking the time to visit ${location}! We hope you enjoyed the tour, and we'd love to hear your feedback. Please take a few seconds to tell us about your experience.",
      "Description": ""
    },
    {
      "Command": "click",
      "Target": "xpath=//*[@id=\"campaign-body-container\"]/div/div/div[3]/form/ul/li[2]",
      "Value": "",
      "Description": ""
    },
    {
      "Command": "type",
      "Target": "xpath=//*[@id=\"campaign-body-container\"]/div/div/div[3]/form/div/div/div[3]/div[2]/div/textarea",
      "Value": "Thank you so much for visiting ${location}! Please take a few seconds to tell us about your experience.",
      "Description": ""
    },
    {
      "Command": "click",
      "Target": "xpath=//*[@id=\"campaign-footer-container\"]/div/div/button[2]",
      "Value": "",
      "Description": ""
    },
    {
      "Command": "comment",
      "Target": "edit distribution",
      "Value": "",
      "Description": ""
    },
    {
      "Command": "click",
      "Target": "xpath=//*[@id=\"campaign-body-container\"]/div/div/div[4]/div/div[2]/button/span",
      "Value": "",
      "Description": ""
    },
    {
      "Command": "click",
      "Target": "xpath=//*[@id=\"campaign-footer-container\"]/div/div/button[2]",
      "Value": "",
      "Description": ""
    },
    {
      "Command": "comment",
      "Target": "click complete",
      "Value": "",
      "Description": ""
    },
    {
      "Command": "click",
      "Target": "xpath=//*[@id=\"campaign-content-wrapper\"]/div[2]/div/div/button/span",
      "Value": "",
      "Description": ""
    }
  ]
}