{
  "Name": "DemoXDesktopAutomation_OCR",
  "CreationDate": "2023-8-8",
  "Commands": [
    {
      "Command": "store",
      "Target": "fast",
      "Value": "!replayspeed",
      "Description": ""
    },
    {
      "Command": "comment",
      "Target": "For more information please see https://ui.vision/x/desktop-automation#ocr",
      "Value": "",
      "Description": ""
    },
    {
      "Command": "echo",
      "Target": "Running DESKTOP image search now",
      "Value": "#shownotification",
      "Description": ""
    },
    {
      "Command": "XDesktopAutomation",
      "Target": "true",
      "Value": "",
      "Description": ""
    },
    {
      "Command": "comment",
      "Target": "Limit the search area for better performance",
      "Value": "",
      "Description": ""
    },
    {
      "Command": "run",
      "Target": "Sub/Sub_XDesktopAutomation_Area",
      "Value": "",
      "Description": ""
    },
    {
      "Command": "store",
      "Target": "eng",
      "Value": "!OCRlanguage",
      "Description": ""
    },
    {
      "Command": "store",
      "Target": "1",
      "Value": "!OCRengine",
      "Description": ""
    },
    {
      "Command": "comment",
      "Target": "Instead of the word \"Logs\" we look only for (L)\"ogs\". There is no need for this. It is done to demo and test the substring search.",
      "Value": "",
      "Description": ""
    },
    {
      "Command": "XClick",
      "Target": "ocr=ogs@pos=1",
      "Value": "",
      "Description": ""
    },
    {
      "Command": "XClick",
      "Target": "ocr=Clear@pos=1",
      "Value": "",
      "Description": ""
    },
    {
      "Command": "echo",
      "Target": "\"Clear\" button pressed by macro. The button was found at ${!OCRX}, ${!OCRY})",
      "Value": "blue",
      "Description": ""
    },
    {
      "Command": "XClick",
      "Target": "ocr=Screenshots@pos=1",
      "Value": "",
      "Description": ""
    },
    {
      "Command": "comment",
      "Target": "Now we use the second OCR Engine. Both work fine here. So this switch is just for test and demo purposes.",
      "Value": "",
      "Description": ""
    },
    {
      "Command": "store",
      "Target": "2",
      "Value": "!OCREngine",
      "Description": ""
    },
    {
      "Command": "XClick",
      "Target": "ocr=Visual@pos=1",
      "Value": "",
      "Description": ""
    },
    {
      "Command": "comment",
      "Target": "Check the right tab is selected",
      "Value": "",
      "Description": ""
    },
    {
      "Command": "visualAssert",
      "Target": "desktop_checktab_dpi_96.png@0.55",
      "Value": "",
      "Description": ""
    }
  ]
}