09-555,BS66937441895
09-565,BS95402378028
09-570,BS34312098695
09-575,BS40733815198
09-755,BS89783411605
11-100,BS24194431178
11-125,BS02554623175
11-150,BS27063170234
11-175,BS46673721282
12-110,BS04738142886
12-120,BS33095625614
12-125,BS98232993104
12-130,BS99280176225
12-135,BS74824730638
12-145,BS13578604627
12-155,BS93006510618
12-160,BS36467794008
12-165,BS49586887751
13-125,BS86837413400
13-230,BS68172286694
14-200,BS03314236047
18-710,BS57932514111
19-400,BS82004345247
20-550,BS11469272230
21-605,BS93746337052
22-400,BS71621371205
23-700,BS85639503980
23-710,BS17915509538
23-720,BS83773310667
23-725,BS21729955670
23-730,BS88708413551
23-740,BS74372236437
23-750,BS91232817784
23-755,BS02636851844
23-760,BS21471355007
25-645,BS68249007759
26-800,BS32456772781
26-810,BS30594473893
27-525,BS51459038093
29-225,BS57725770271
29-275,BS22864577326
29-325,BS71604554057
29-350,BS81794582320
29-525,BS98357392937
29-675,BS26360285226
29-680,BS20556448334
30-650,BS52507820287
31-700,BS49316552707
31-705,BS70093245104
31-710,BS26531379255
34-115,BS75810817283
36-100,BS15710384308
36-200,BS08827558107
36-300,BS79734668092
36-400,BS36625872912
36-525,BS36519612318
36-530,BS19406312446
36-535,BS94672330023
36-540,BS13617314941
36-750,BS73288419945
36-755,BS03177379414
36-765,BS94565314580
38-655,BS52629292764
38-660,BS95944382303
39-320,BS24249535226
41-600,BS37527035883
42-200,BS06702979717
42-300,BS71758362489
42-400,BS99425260386
42-500,BS02155754818
42-600,BS06188492886
42-715,BS60629879599
43-650,BS60139930198
43-700,BS50766740907
43-750,BS43820391871
43-775,BS75951171839
44-275,BS99682270658
44-950,BS87947612857
44-955,BS87687161303
45-510,BS39163334898
45-523,BS88501917080
45-530,BS92691790118
46-600,BS95956877793
46-605,BS49963106522
47-125,BS90142092877
47-150,BS10417118450
47-220,BS49629706213
47-225,BS75384672432
47-700,BS87631469511
47-950,BS11096979510
47-955,BS59560530283
47-960,BS62886993921
47-965,BS56211514416
50-115,BS09359184912
50-120,BS60738600909
50-125,BS90417892182
50-135,BS34198104848
50-145,BS41559324938
50-170,BS02848272974
50-175,BS97209821489
50-180,BS19377838804
51-750,BS89791869980
54-300,BS83330370158
55-100,BS50403319782
57-250,BS27710184254
57-350,BS21890435666
57-360,BS09330656433
59-305,BS07635342104
59-310,BS84280869326
59-315,BS02353391829
63-125,BS75641991473
63-130,BS31748971014
63-135,BS47059663044
63-140,BS89208964749
63-145,BS70666365572
64-100,BS91677595159
65-200,BS51705827279
66-700,BS71790101249
67-600,BS89099496277
67-800,BS71437483374
67-900,BS73655776752
68-300,BS45372890627
69-500,BS23802110351
70-100,BS20977502424
70-200,BS24187371029
70-300,BS83809133510
70-400,BS23312939241
70-500,BS44827720126
70-600,BS76772673023
73-200,BS73580088032
73-205,BS99605833167
73-405,BS17629303875
75-105,BS81266186806
75-110,BS57498639301
75-140,BS24562652559
75-145,BS41674929229
75-155,BS30592772341
75-160,BS67430405085
75-165,BS94165147632
75-175,BS15704687029
75-180,BS92665300886
75-190,BS03255875868
75-225,BS70229683531
75-235,BS68482553676
75-250,BS23161132698
75-255,BS34353680896
75-265,BS66125432973
75-270,BS47429406601
77-105,BS98621106985
79-200,BS50935274992
79-350,BS09610506261
79-400,BS94563338613
79-500,BS66691417745
79-600,BS19178015498
79-650,BS06708446295
79-700,BS36635846453
79-750,BS01804693701
79-765,BS46000531492
80-550,BS00727714571
80-650,BS22366692613
81-380,BS36762948130
81-385,BS50053925105
85-200,BS80054428503
85-210,BS81764916320
85-240,BS21581596512
92-110,BS33793853593
92-525,BS78264395450
92-530,BS98347361467
92-535,BS30622356307
92-545,BS47531076815
92-550,BS03758310811
92-650,BS60569239119
92-800,BS92400965285
92-825,BS83049388488
92-835,BS16047595668
92-840,BS07228404298
nbchkjax,BS14930018484
p0004836,BS03689632174
p0004837,BS78607992946