{
  "Name": "Get ALN ID",
  "CreationDate": "2023-8-8",
  "Commands": [
    {
      "Command": "executeScript_Sandbox",
      "Target": "prop = ${property}\nx = prop.search(\"Apartments\");\nif (x != -1){\n  return prop.slice(0, x)\n}\nelse {\n  return prop\n}",
      "Value": "property",
      "Description": ""
    },
    {
      "Command": "store",
      "Target": "10",
      "Value": "!timeout_wait",
      "Description": ""
    },
    {
      "Command": "open",
      "Target": "https://alncompass.com/",
      "Value": "",
      "Description": ""
    },
    {
      "Command": "store",
      "Target": "0.3",
      "Value": "!timeout_wait",
      "Description": ""
    },
    {
      "Command": "storeText",
      "Target": "xpath=//*[@id=\"account\"]/div[5]/button",
      "Value": "login_exists",
      "Description": ""
    },
    {
      "Command": "if",
      "Target": "${login_exists} != \"#LNF\"",
      "Value": "",
      "Description": ""
    },
    {
      "Command": "prompt",
      "Target": "Please log in and hit confirm",
      "Value": "blah",
      "Description": ""
    },
    {
      "Command": "end",
      "Target": "",
      "Value": "",
      "Description": ""
    },
    {
      "Command": "waitForElementVisible",
      "Target": "xpath=//*[@id=\"search\"]/div/div[2]/input",
      "Value": "",
      "Description": ""
    },
    {
      "Command": "store",
      "Target": "0.3",
      "Value": "!timeout_wait",
      "Description": ""
    },
    {
      "Command": "executeScript_Sandbox",
      "Target": "return \"not found\";",
      "Value": "aln_id",
      "Description": ""
    },
    {
      "Command": "type",
      "Target": "id=PropName",
      "Value": "${property}",
      "Description": ""
    },
    {
      "Command": "click",
      "Target": "xpath=//*[@id=\"search\"]/div/div[2]/input",
      "Value": "",
      "Description": ""
    },
    {
      "Command": "store",
      "Target": "10",
      "Value": "!timeout_wait",
      "Description": ""
    },
    {
      "Command": "waitForPageToLoad",
      "Target": "",
      "Value": "",
      "Description": ""
    },
    {
      "Command": "store",
      "Target": "0.3",
      "Value": "!timeout_wait",
      "Description": ""
    },
    {
      "Command": "storeText",
      "Target": "xpath=/html/body/div[1]/main/div[3]/div/div[2]/div/div[3]/div/div[1]/div[3]/span[2]",
      "Value": "search_result",
      "Description": ""
    },
    {
      "Command": "while",
      "Target": "${search_result} == \"\" || ${search_result} == \"#LNF\"",
      "Value": "",
      "Description": ""
    },
    {
      "Command": "storeText",
      "Target": "xpath=/html/body/div[1]/main/div[3]/div/div[2]/div/div[3]/div/div[1]/div[3]/span[2]",
      "Value": "search_result",
      "Description": ""
    },
    {
      "Command": "end",
      "Target": "",
      "Value": "",
      "Description": ""
    },
    {
      "Command": "storeText",
      "Target": "xpath=/html/body/div[1]/main/div[3]/div/div[2]/div/div[3]/div/div[1]/div[3]/span[2]",
      "Value": "search_result",
      "Description": ""
    },
    {
      "Command": "if",
      "Target": "${search_result} != \"No items to display\"",
      "Value": "",
      "Description": ""
    },
    {
      "Command": "store",
      "Target": "1.5",
      "Value": "!timeout_wait",
      "Description": ""
    },
    {
      "Command": "executeScript_Sandbox",
      "Target": "return 1;",
      "Value": "r",
      "Description": ""
    },
    {
      "Command": "storeText",
      "Target": "xpath=/html/body/div[1]/main/div[3]/div/div[2]/div/div[3]/div/div[1]/div[5]/table/tbody/tr[${r}]/td[5]",
      "Value": "search_city",
      "Description": ""
    },
    {
      "Command": "while",
      "Target": "${search_city} != ${city} && ${search_city} != \"#LNF\"",
      "Value": "",
      "Description": ""
    },
    {
      "Command": "executeScript_Sandbox",
      "Target": "return ${r} + 1;",
      "Value": "r",
      "Description": ""
    },
    {
      "Command": "storeText",
      "Target": "xpath=/html/body/div[1]/main/div[3]/div/div[2]/div/div[3]/div/div[1]/div[5]/table/tbody/tr[${r}]/td[5]",
      "Value": "search_city",
      "Description": ""
    },
    {
      "Command": "end",
      "Target": "",
      "Value": "",
      "Description": ""
    },
    {
      "Command": "if",
      "Target": "${search_city} != \"#LNF\"",
      "Value": "",
      "Description": ""
    },
    {
      "Command": "storeText",
      "Target": "xpath=/html/body/div[1]/main/div[3]/div/div[2]/div/div[3]/div/div[1]/div[5]/table/tbody/tr[${r}]/td[3]",
      "Value": "aln_id",
      "Description": ""
    },
    {
      "Command": "end",
      "Target": "",
      "Value": "",
      "Description": ""
    },
    {
      "Command": "end",
      "Target": "",
      "Value": "",
      "Description": ""
    }
  ]
}