{
  "Name": "Get Apartments.com Rotators & Scrapers",
  "CreationDate": "2023-8-8",
  "Commands": [
    {
      "Command": "selectWindow",
      "Target": "tab=1",
      "Value": "",
      "Description": ""
    },
    {
      "Command": "sourceExtract",
      "Target": "regex=https://www.apartments.com/[a-z0-9+-]*/[a-z0-9]{7}/",
      "Value": "result",
      "Description": ""
    },
    {
      "Command": "if",
      "Target": "${result} != \"#nomatchfound\"",
      "Value": "",
      "Description": ""
    },
    {
      "Command": "open",
      "Target": "${result}",
      "Value": "",
      "Description": ""
    },
    {
      "Command": "store",
      "Target": "${!URL}",
      "Value": "scraper",
      "Description": ""
    },
    {
      "Command": "open",
      "Target": "${!URL}#reviewsWrapper",
      "Value": "",
      "Description": ""
    },
    {
      "Command": "store",
      "Target": "${!URL}",
      "Value": "rotator",
      "Description": ""
    },
    {
      "Command": "storeText",
      "Target": "xpath=//*[@id=\"reviewsWrapper\"]/div[3]/div/div[2]/div/p",
      "Value": "reviews",
      "Description": ""
    },
    {
      "Command": "if",
      "Target": "${reviews} != \"No Renter Reviews Yet\"",
      "Value": "",
      "Description": ""
    },
    {
      "Command": "executeScript_Sandbox",
      "Target": "return ${reviews}.slice(0, 3);",
      "Value": "rating",
      "Description": ""
    },
    {
      "Command": "storeText",
      "Target": "xpath=//*[@id=\"reviewsWrapper\"]/div[3]/div/div[2]/div/p[2]",
      "Value": "number",
      "Description": ""
    },
    {
      "Command": "executeScript_Sandbox",
      "Target": "return ${number}.split(' ')[0];",
      "Value": "number",
      "Description": ""
    },
    {
      "Command": "else",
      "Target": "",
      "Value": "",
      "Description": ""
    },
    {
      "Command": "executeScript_Sandbox",
      "Target": "return 0;",
      "Value": "rating",
      "Description": ""
    },
    {
      "Command": "executeScript_Sandbox",
      "Target": "return 0;",
      "Value": "number",
      "Description": ""
    },
    {
      "Command": "end",
      "Target": "",
      "Value": "",
      "Description": ""
    },
    {
      "Command": "selectWindow",
      "Target": "tab=0",
      "Value": "",
      "Description": ""
    },
    {
      "Command": "click",
      "Target": "xpath=//*[@id=\"subFrmaddRowBtn\"]/lyte-yield",
      "Value": "",
      "Description": ""
    },
    {
      "Command": "store",
      "Target": "1.0",
      "Value": "!timeout_wait",
      "Description": ""
    },
    {
      "Command": "click",
      "Target": "xpath=//*[@id=\"CustomModule1_Review_Platforms_R2_Platform_Name\"]/div/lyte-drop-button/span",
      "Value": "",
      "Description": ""
    },
    {
      "Command": "click",
      "Target": "id=Lyte_Drop_Item_2184",
      "Value": "",
      "Description": ""
    },
    {
      "Command": "type",
      "Target": "xpath=//*[@id=\"CustomModule1_Review_Platforms_R2_Platform_Starting_Reviews\"]/div/input",
      "Value": "${number}",
      "Description": ""
    },
    {
      "Command": "type",
      "Target": "xpath=//*[@id=\"CustomModule1_Review_Platforms_R2_Platform_Starting_Rating\"]/div/input",
      "Value": "${rating}",
      "Description": ""
    },
    {
      "Command": "type",
      "Target": "xpath=//*[@id=\"CustomModule1_Review_Platforms_R2_Platform_Rotator_URL\"]/div/input",
      "Value": "${rotator}",
      "Description": ""
    },
    {
      "Command": "type",
      "Target": "xpath=//*[@id=\"CustomModule1_Review_Platforms_R2_Platform_Scraper_URL\"]/div/input",
      "Value": "${scraper}",
      "Description": ""
    },
    {
      "Command": "click",
      "Target": "xpath=//*[@id=\"CustomModule1_Review_Platforms_R2_Platform_Status\"]/div/lyte-drop-button/span",
      "Value": "",
      "Description": ""
    },
    {
      "Command": "click",
      "Target": "id=Lyte_Drop_Item_2195",
      "Value": "",
      "Description": ""
    },
    {
      "Command": "store",
      "Target": "1.5",
      "Value": "!timeout_wait",
      "Description": ""
    },
    {
      "Command": "else",
      "Target": "",
      "Value": "",
      "Description": ""
    },
    {
      "Command": "selectWindow",
      "Target": "tab=0",
      "Value": "",
      "Description": ""
    },
    {
      "Command": "end",
      "Target": "",
      "Value": "",
      "Description": ""
    }
  ]
}