{
  "Name": "Campaign Changes",
  "CreationDate": "2023-8-8",
  "Commands": [
    {
      "Command": "click",
      "Target": "xpath=//*[@id=\"campaign-datatable\"]/div[3]/table/tbody/tr[2]/td[2]/div",
      "Value": "",
      "Description": ""
    },
    {
      "Command": "assertText",
      "Target": "xpath=//*[@id=\"campaign-content-wrapper\"]/div[2]/div/span/div/span[2]/span[2]",
      "Value": "General Feedback",
      "Description": ""
    },
    {
      "Command": "click",
      "Target": "xpath=//*[@id=\"campaign-content-wrapper\"]/div[2]/div/div/div/button/span",
      "Value": "",
      "Description": ""
    },
    {
      "Command": "storeAttribute",
      "Target": "xpath=/html/body/div[1]/div[3]/div[2]/div/div[4]/div[2]/div/div[2]/div/div[1]/div[2]/div/div/div[1]/form/div/div[2]/div/div[4]/div[2]/div@class",
      "Value": "recurring_status",
      "Description": ""
    },
    {
      "Command": "if",
      "Target": "${recurring_status} != \"el-switch\"",
      "Value": "",
      "Description": ""
    },
    {
      "Command": "click",
      "Target": "xpath=//*[@id=\"campaign-body-container\"]/div/div/div/form/div/div[2]/div/div[5]/div[2]/span/span/span",
      "Value": "",
      "Description": ""
    },
    {
      "Command": "click",
      "Target": "xpath=//*[@id=\"campaign-body-container\"]/div/div/div/form/div/div[2]/div/div[5]/div[2]/div/span/i",
      "Value": "",
      "Description": ""
    },
    {
      "Command": "type",
      "Target": "xpath=//*[@id=\"campaign-body-container\"]/div/div/div/form/div/div[2]/div/div[5]/div[2]/div/input",
      "Value": "2023-08-16",
      "Description": ""
    },
    {
      "Command": "else",
      "Target": "",
      "Value": "",
      "Description": ""
    },
    {
      "Command": "click",
      "Target": "xpath=//*[@id=\"campaign-body-container\"]/div/div/div/form/div/div[2]/div/div[4]/div[2]/div/span",
      "Value": "",
      "Description": ""
    },
    {
      "Command": "click",
      "Target": "xpath=//*[@id=\"campaign-body-container\"]/div/div/div/form/div/div[2]/div/div[5]/div/div/input",
      "Value": "",
      "Description": ""
    },
    {
      "Command": "comment",
      "Target": "START",
      "Value": "",
      "Description": ""
    },
    {
      "Command": "store",
      "Target": "0.3",
      "Value": "!timeout_wait",
      "Description": ""
    },
    {
      "Command": "executeScript_Sandbox",
      "Target": "return 2;",
      "Value": "i",
      "Description": ""
    },
    {
      "Command": "storeText",
      "Target": "xpath=/html/body/div[${i}]/div/div/ul/li",
      "Value": "label",
      "Description": ""
    },
    {
      "Command": "while",
      "Target": "${label} == \"#LNF\"",
      "Value": "",
      "Description": ""
    },
    {
      "Command": "executeScript_Sandbox",
      "Target": "return ${i} + 1;",
      "Value": "i",
      "Description": ""
    },
    {
      "Command": "storeText",
      "Target": "xpath=/html/body/div[${i}]/div/div/ul/li",
      "Value": "label",
      "Description": ""
    },
    {
      "Command": "end",
      "Target": "",
      "Value": "",
      "Description": ""
    },
    {
      "Command": "store",
      "Target": "1.5",
      "Value": "!timeout_wait",
      "Description": ""
    },
    {
      "Command": "comment",
      "Target": "END",
      "Value": "",
      "Description": ""
    },
    {
      "Command": "click",
      "Target": "xpath=/html/body/div[${i}]/div/div/ul/li",
      "Value": "",
      "Description": ""
    },
    {
      "Command": "executeScript_Sandbox",
      "Target": "return ${i} + 1;",
      "Value": "i",
      "Description": ""
    },
    {
      "Command": "click",
      "Target": "xpath=//*[@id=\"campaign-body-container\"]/div/div/div/form/div/div[2]/div/div[5]/div[2]/div/span/i",
      "Value": "",
      "Description": ""
    },
    {
      "Command": "type",
      "Target": "xpath=//*[@id=\"campaign-body-container\"]/div/div/div/form/div/div[2]/div/div[5]/div[2]/div/input",
      "Value": "2023-08-16",
      "Description": ""
    },
    {
      "Command": "end",
      "Target": "",
      "Value": "",
      "Description": ""
    },
    {
      "Command": "click",
      "Target": "xpath=//*[@id=\"campaign-body-container\"]/div/div/div/form/div/div[2]/div/div[5]/div[5]/div/div/input",
      "Value": "",
      "Description": ""
    },
    {
      "Command": "comment",
      "Target": "PASTE BELOW THIS LINE",
      "Value": "",
      "Description": ""
    },
    {
      "Command": "store",
      "Target": "0.3",
      "Value": "!timeout_wait",
      "Description": ""
    },
    {
      "Command": "executeScript_Sandbox",
      "Target": "return 2;",
      "Value": "i",
      "Description": ""
    },
    {
      "Command": "storeText",
      "Target": "xpath=/html/body/div[${i}]/div/div/ul/li[5]",
      "Value": "label",
      "Description": ""
    },
    {
      "Command": "while",
      "Target": "${label} == \"#LNF\"",
      "Value": "",
      "Description": ""
    },
    {
      "Command": "executeScript_Sandbox",
      "Target": "return ${i} + 1;",
      "Value": "i",
      "Description": ""
    },
    {
      "Command": "storeText",
      "Target": "xpath=/html/body/div[${i}]/div/div/ul/li[5]",
      "Value": "label",
      "Description": ""
    },
    {
      "Command": "end",
      "Target": "",
      "Value": "",
      "Description": ""
    },
    {
      "Command": "store",
      "Target": "1.5",
      "Value": "!timeout_wait",
      "Description": ""
    },
    {
      "Command": "click",
      "Target": "xpath=/html/body/div[${i}]/div/div/ul/li[5]",
      "Value": "",
      "Description": ""
    },
    {
      "Command": "click",
      "Target": "xpath=//*[@id=\"campaign-footer-container\"]/div/div/button/span",
      "Value": "",
      "Description": ""
    },
    {
      "Command": "click",
      "Target": "xpath=//*[@id=\"campaign-footer-container\"]/div/div/button/span",
      "Value": "",
      "Description": ""
    },
    {
      "Command": "click",
      "Target": "xpath=//*[@id=\"campaign-footer-container\"]/div/div/button/span",
      "Value": "",
      "Description": ""
    },
    {
      "Command": "click",
      "Target": "xpath=//*[@id=\"campaign-content-wrapper\"]/div[2]/div/div/button/span",
      "Value": "",
      "Description": ""
    },
    {
      "Command": "store",
      "Target": "5",
      "Value": "!timeout_wait",
      "Description": ""
    },
    {
      "Command": "waitForElementNotPresent",
      "Target": "xpath=//*[@id=\"campaign-content-wrapper\"]/div[2]/div/div/button/span",
      "Value": "",
      "Description": ""
    },
    {
      "Command": "store",
      "Target": "1.5",
      "Value": "!timeout_wait",
      "Description": ""
    }
  ]
}