{
  "Name": "Get Google Rotators & Scrapers",
  "CreationDate": "2023-8-8",
  "Commands": [
    {
      "Command": "storeValue",
      "Target": "xpath=//*[@id=\"CustomModule1_Review_Platforms_R1_Platform_Starting_Reviews\"]/div/input",
      "Value": "hasRatings",
      "Description": ""
    },
    {
      "Command": "selectWindow",
      "Target": "tab=1",
      "Value": "",
      "Description": ""
    },
    {
      "Command": "open",
      "Target": "https://www.google.com/search?q=search&oq=search&aqs=chrome.0.69i59j0i131i433i512j0i433i512j69i60l5.2916j0j4&sourceid=chrome&ie=UTF-8",
      "Value": "",
      "Description": ""
    },
    {
      "Command": "click",
      "Target": "css=#tsf > div:nth-child(1) > div.A8SBwf > div.RNNXgb > div > div.dRYYxd > div.BKRPef > div > span > svg",
      "Value": "",
      "Description": ""
    },
    {
      "Command": "type",
      "Target": "name=q",
      "Value": "${property} ${street}, ${city}, ${state} ${zip}",
      "Description": ""
    },
    {
      "Command": "click",
      "Target": "css=#tsf > div:nth-child(1) > div.A8SBwf > div.RNNXgb > button > div > span > svg",
      "Value": "",
      "Description": ""
    },
    {
      "Command": "pause",
      "Target": "3500",
      "Value": "",
      "Description": ""
    },
    {
      "Command": "storeAttribute",
      "Target": "LinkText=Website@href",
      "Value": "website",
      "Description": ""
    },
    {
      "Command": "if_v2",
      "Target": "!${hasRatings}",
      "Value": "",
      "Description": ""
    },
    {
      "Command": "comment",
      "Target": "storeText // xpath=/html/body/div[8]/div/div[13]/div[2]/div[3]/div/div[2]/div/div[1]/div[2]/div[2]/div/div/span[1]",
      "Value": "score",
      "Description": ""
    },
    {
      "Command": "sourceSearch",
      "Target": "regex=>[1-5].[0-9]<",
      "Value": "score_found",
      "Description": ""
    },
    {
      "Command": "if",
      "Target": "${score_found} != 0",
      "Value": "",
      "Description": ""
    },
    {
      "Command": "sourceExtract",
      "Target": "regex=>[1-5].[0-9]<",
      "Value": "score",
      "Description": ""
    },
    {
      "Command": "executeScript_Sandbox",
      "Target": "x = ${score};\nx = x.slice(1,4);\nreturn x;",
      "Value": "score",
      "Description": ""
    },
    {
      "Command": "sourceExtract",
      "Target": "regex=[0-9]+ Google reviews?",
      "Value": "numRatings",
      "Description": ""
    },
    {
      "Command": "executeScript_Sandbox",
      "Target": "x = ${numRatings};\nx = x.split(' ');\nx = x[0];\nreturn x",
      "Value": "numRatings",
      "Description": ""
    },
    {
      "Command": "end",
      "Target": "",
      "Value": "",
      "Description": ""
    },
    {
      "Command": "comment",
      "Target": "storeText // xpath=/html/body/div[8]/div/div[13]/div[2]/div[3]/div/div[2]/div/div[1]/div[2]/div[2]/div/div/span[3]/span/a/span",
      "Value": "numRatings",
      "Description": ""
    },
    {
      "Command": "if_v2",
      "Target": "${score_found} == 0",
      "Value": "",
      "Description": ""
    },
    {
      "Command": "store",
      "Target": "0",
      "Value": "score",
      "Description": ""
    },
    {
      "Command": "store",
      "Target": "0",
      "Value": "numRatings",
      "Description": ""
    },
    {
      "Command": "end",
      "Target": "",
      "Value": "",
      "Description": ""
    },
    {
      "Command": "pause",
      "Target": "5000",
      "Value": "",
      "Description": ""
    },
    {
      "Command": "end",
      "Target": "",
      "Value": "",
      "Description": ""
    },
    {
      "Command": "if",
      "Target": "${phone} == \"\"",
      "Value": "",
      "Description": ""
    },
    {
      "Command": "sourceExtract",
      "Target": "regex=\\([0-9]{3}\\) [0-9]{3}-[0-9]{4}",
      "Value": "number",
      "Description": ""
    },
    {
      "Command": "end",
      "Target": "",
      "Value": "",
      "Description": ""
    },
    {
      "Command": "storeAttribute",
      "Target": "linkText=Write a review@data-pid",
      "Value": "pid",
      "Description": "stores pid of review button"
    },
    {
      "Command": "store",
      "Target": "https://search.google.com/local/writereview?placeid=${pid}",
      "Value": "rotator",
      "Description": ""
    },
    {
      "Command": "open",
      "Target": "${rotator}",
      "Value": "",
      "Description": ""
    },
    {
      "Command": "click",
      "Target": "xpath=/html/body/div[21]",
      "Value": "",
      "Description": ""
    },
    {
      "Command": "store",
      "Target": "${!URL}",
      "Value": "scraper",
      "Description": ""
    },
    {
      "Command": "selectWindow",
      "Target": "tab=0",
      "Value": "",
      "Description": ""
    },
    {
      "Command": "click",
      "Target": "xpath=//*[@id=\"CustomModule1_SubForm_Review_Platforms\"]/div/div",
      "Value": "",
      "Description": ""
    },
    {
      "Command": "if_v2",
      "Target": "!${hasRatings}",
      "Value": "",
      "Description": ""
    },
    {
      "Command": "type",
      "Target": "xpath=//*[@id=\"CustomModule1_Review_Platforms_R1_Platform_Starting_Reviews\"]/div/input",
      "Value": "${numRatings}",
      "Description": ""
    },
    {
      "Command": "type",
      "Target": "xpath=//*[@id=\"CustomModule1_Review_Platforms_R1_Platform_Starting_Rating\"]/div/input",
      "Value": "${score}",
      "Description": ""
    },
    {
      "Command": "end",
      "Target": "",
      "Value": "",
      "Description": ""
    },
    {
      "Command": "type",
      "Target": "xpath=//*[@id=\"CustomModule1_Review_Platforms_R1_Platform_Rotator_URL\"]/div/input",
      "Value": "${rotator}",
      "Description": ""
    },
    {
      "Command": "type",
      "Target": "xpath=//*[@id=\"CustomModule1_Review_Platforms_R1_Platform_Scraper_URL\"]/div/input",
      "Value": "${scraper}",
      "Description": ""
    }
  ]
}