{
  "Name": "DemoTabs",
  "CreationDate": "2023-8-8",
  "Commands": [
    {
      "Command": "open",
      "Target": "https://ui.vision/demo/tabs",
      "Value": "",
      "Description": ""
    },
    {
      "Command": "click",
      "Target": "linkText=Open new web page in new browser tab",
      "Value": "",
      "Description": ""
    },
    {
      "Command": "selectWindow",
      "Target": "tab=1",
      "Value": "",
      "Description": ""
    },
    {
      "Command": "assertTitle",
      "Target": "*1* TAB1",
      "Value": "",
      "Description": ""
    },
    {
      "Command": "type",
      "Target": "id=sometext1",
      "Value": "this is tab 1",
      "Description": ""
    },
    {
      "Command": "click",
      "Target": "linkText=Open yet another web page in a new browser tab",
      "Value": "",
      "Description": ""
    },
    {
      "Command": "selectWindow",
      "Target": "tab=2",
      "Value": "",
      "Description": ""
    },
    {
      "Command": "assertTitle",
      "Target": "*2* TAB2",
      "Value": "",
      "Description": ""
    },
    {
      "Command": "type",
      "Target": "id=sometext2",
      "Value": "And this is tab 2!",
      "Description": ""
    },
    {
      "Command": "selectWindow",
      "Target": "tab=1",
      "Value": "",
      "Description": ""
    },
    {
      "Command": "assertTitle",
      "Target": "*1* TAB1",
      "Value": "",
      "Description": ""
    },
    {
      "Command": "type",
      "Target": "id=sometext1",
      "Value": "Now back in tab 1 - test done!",
      "Description": ""
    },
    {
      "Command": "comment",
      "Target": "We can also open new tabs",
      "Value": "",
      "Description": ""
    },
    {
      "Command": "selectWindow",
      "Target": "tab=open",
      "Value": "https://ui.vision",
      "Description": ""
    },
    {
      "Command": "selectWindow",
      "Target": "tab=open",
      "Value": "https://ocr.space",
      "Description": ""
    },
    {
      "Command": "type",
      "Target": "id=imageUrl",
      "Value": "UI.Vision RPA Tab Test done",
      "Description": ""
    }
  ]
}