{
  "Name": "DemoDragDrop",
  "CreationDate": "2023-8-8",
  "Commands": [
    {
      "Command": "open",
      "Target": "https://ui.vision/demo/webtest/dragdrop/",
      "Value": "",
      "Description": ""
    },
    {
      "Command": "echo",
      "Target": "Reduce replay speed so we can better see what is going on...",
      "Value": "",
      "Description": ""
    },
    {
      "Command": "store",
      "Target": "medium",
      "Value": "!replayspeed",
      "Description": ""
    },
    {
      "Command": "dragAndDropToObject",
      "Target": "id=one",
      "Value": "id=bin",
      "Description": ""
    },
    {
      "Command": "dragAndDropToObject",
      "Target": "id=two",
      "Value": "id=bin",
      "Description": ""
    },
    {
      "Command": "dragAndDropToObject",
      "Target": "id=three",
      "Value": "id=bin",
      "Description": ""
    },
    {
      "Command": "dragAndDropToObject",
      "Target": "id=four",
      "Value": "id=bin",
      "Description": ""
    },
    {
      "Command": "dragAndDropToObject",
      "Target": "id=five",
      "Value": "id=bin",
      "Description": ""
    }
  ]
}