{
  "Name": "ER Main",
  "CreationDate": "2023-8-8",
  "Commands": [
    {
      "Command": "csvReadArray",
      "Target": "explease.csv",
      "Value": "location_ids",
      "Description": ""
    },
    {
      "Command": "forEach",
      "Target": "location_ids",
      "Value": "location_id",
      "Description": ""
    },
    {
      "Command": "click",
      "Target": "xpath=//*[@id=\"location-button\"]/span/span",
      "Value": "",
      "Description": ""
    },
    {
      "Command": "executeScript_Sandbox",
      "Target": "return ${location_id}[0].slice(1,-2);",
      "Value": "id",
      "Description": ""
    },
    {
      "Command": "type",
      "Target": "xpath=//*[@id=\"infinite-scroll-container\"]/div/input",
      "Value": "${id}",
      "Description": ""
    },
    {
      "Command": "click",
      "Target": "xpath=//*[@id=\"dropdown-data\"]/span",
      "Value": "",
      "Description": ""
    },
    {
      "Command": "run",
      "Target": "Exp Lease",
      "Value": "",
      "Description": ""
    },
    {
      "Command": "end",
      "Target": "",
      "Value": "",
      "Description": ""
    }
  ]
}