{
  "Name": "Alt-Main-SS",
  "CreationDate": "2023-8-8",
  "Commands": [
    {
      "Command": "executeScript_Sandbox",
      "Target": "return 0;",
      "Value": "n",
      "Description": ""
    },
    {
      "Command": "csvReadArray",
      "Target": "stev.csv",
      "Value": "file",
      "Description": ""
    },
    {
      "Command": "forEach",
      "Target": "file",
      "Value": "location",
      "Description": ""
    },
    {
      "Command": "click",
      "Target": "xpath=//*[@id=\"location-button\"]/span/span[2]",
      "Value": "",
      "Description": ""
    },
    {
      "Command": "type",
      "Target": "xpath=//*[@id=\"infinite-scroll-container\"]/div/input",
      "Value": "${location[1]}",
      "Description": ""
    },
    {
      "Command": "click",
      "Target": "xpath=//*[@id=\"dropdown-data\"]/span",
      "Value": "",
      "Description": ""
    },
    {
      "Command": "run",
      "Target": "5_23",
      "Value": "",
      "Description": ""
    },
    {
      "Command": "executeScript_Sandbox",
      "Target": "return ${n} + 1;",
      "Value": "n",
      "Description": ""
    },
    {
      "Command": "executeScript_Sandbox",
      "Target": "return ${n}%3 == 0;",
      "Value": "needs_refresh",
      "Description": ""
    },
    {
      "Command": "if",
      "Target": "${needs_refresh}",
      "Value": "",
      "Description": ""
    },
    {
      "Command": "refresh",
      "Target": "",
      "Value": "",
      "Description": ""
    },
    {
      "Command": "pause",
      "Target": "3000",
      "Value": "",
      "Description": ""
    },
    {
      "Command": "end",
      "Target": "",
      "Value": "",
      "Description": ""
    },
    {
      "Command": "end",
      "Target": "",
      "Value": "",
      "Description": ""
    }
  ]
}