{
  "Name": "General Feedback Changes",
  "CreationDate": "2023-8-8",
  "Commands": [
    {
      "Command": "comment",
      "Target": "executeScript_Sandbox // return 2;",
      "Value": "row",
      "Description": ""
    },
    {
      "Command": "storeText",
      "Target": "xpath=//*[@id=\"campaign-datatable\"]/div[3]/table/tbody/tr[${row}]/td[5]/div/span",
      "Value": "status",
      "Description": ""
    },
    {
      "Command": "click",
      "Target": "xpath=//*[@id=\"campaign-datatable\"]/div[3]/table/tbody/tr[${row}]/td[2]/div",
      "Value": "",
      "Description": ""
    },
    {
      "Command": "click",
      "Target": "xpath=//*[@id=\"campaign-content-wrapper\"]/div[2]/div/div/div/button/span",
      "Value": "",
      "Description": ""
    },
    {
      "Command": "storeValue",
      "Target": "xpath=//*[@id=\"campaign-body-container\"]/div/div/div/form/div/div[2]/div/div[4]/div[2]/div/input",
      "Value": "date",
      "Description": ""
    },
    {
      "Command": "if",
      "Target": "${date} != \"2023-07-15\"",
      "Value": "",
      "Description": ""
    },
    {
      "Command": "verifyElementPresent",
      "Target": "xpath=//*[@id=\"campaign-body-container\"]/div/div/div/form/div/div[2]/div/div[5]/div[2]/span/span/span",
      "Value": "",
      "Description": ""
    },
    {
      "Command": "if",
      "Target": "${!STATUSOK}",
      "Value": "",
      "Description": ""
    },
    {
      "Command": "click",
      "Target": "xpath=//*[@id=\"campaign-body-container\"]/div/div/div/form/div/div[2]/div/div[5]/div[2]/span/span/span",
      "Value": "",
      "Description": ""
    },
    {
      "Command": "end",
      "Target": "",
      "Value": "",
      "Description": ""
    },
    {
      "Command": "click",
      "Target": "xpath=//*[@id=\"campaign-body-container\"]/div/div/div/form/div/div[2]/div/div[5]/div[2]/div/span/i",
      "Value": "",
      "Description": ""
    },
    {
      "Command": "type",
      "Target": "xpath=//*[@id=\"campaign-body-container\"]/div/div/div/form/div/div[2]/div/div[5]/div[2]/div/input",
      "Value": "2023-07-15",
      "Description": ""
    },
    {
      "Command": "end",
      "Target": "",
      "Value": "",
      "Description": ""
    },
    {
      "Command": "click",
      "Target": "xpath=//*[@id=\"campaign-footer-container\"]/div/div/button",
      "Value": "",
      "Description": ""
    },
    {
      "Command": "click",
      "Target": "xpath=//*[@id=\"campaign-footer-container\"]/div/div/button",
      "Value": "",
      "Description": ""
    },
    {
      "Command": "click",
      "Target": "xpath=//*[@id=\"campaign-footer-container\"]/div/div/button",
      "Value": "",
      "Description": ""
    },
    {
      "Command": "click",
      "Target": "xpath=//*[@id=\"campaign-footer-container\"]/div/div/button",
      "Value": "",
      "Description": ""
    },
    {
      "Command": "click",
      "Target": "xpath=//*[@id=\"campaign-content-wrapper\"]/div[2]/div/div/button/span",
      "Value": "COMPLETE",
      "Description": ""
    },
    {
      "Command": "comment",
      "Target": "click // xpath=//*[@id=\"app\"]/div[3]/div[2]/div/div[4]/div",
      "Value": "CANCEL",
      "Description": ""
    },
    {
      "Command": "comment",
      "Target": "click // xpath=/html/body/div[3]/div/div[3]/button[2]/span",
      "Value": "CANCEL",
      "Description": ""
    }
  ]
}